keys,rep,config,exec_ms,reads,writes,scans,migrations,lmdb_active_after,peak_ram_mb,checksum
1000000,0,CLEAN_ROCKS,353.261,100235,99765,0,0,0,133.406,14291900918744552141
1000000,0,CLEAN_AHSE,340.954,100235,99765,0,0,0,147.422,14291900918744552141
1000000,0,LEAKY_AHSE,1286.6,100235,99765,0,3,1,275.281,11282394108487210133
1000000,1,CLEAN_ROCKS,355.972,100235,99765,0,0,0,225.234,14291900918744552141
1000000,1,CLEAN_AHSE,362.528,100235,99765,0,0,0,228.344,14291900918744552141
1000000,1,LEAKY_AHSE,1259.97,100235,99765,0,3,1,282.109,3782538666736278343
1000000,2,CLEAN_ROCKS,376.463,100235,99765,0,0,0,230.875,14291900918744552141
1000000,2,CLEAN_AHSE,348.036,100235,99765,0,0,0,231.375,14291900918744552141
1000000,2,LEAKY_AHSE,1319.71,100235,99765,0,3,1,282.859,18205582667626815373
1000000,3,CLEAN_ROCKS,345.884,100235,99765,0,0,0,232.062,14291900918744552141
1000000,3,CLEAN_AHSE,390.928,100235,99765,0,0,0,234.203,14291900918744552141
1000000,3,LEAKY_AHSE,1276.04,100235,99765,0,3,1,285.875,12697507819284142207
1000000,4,CLEAN_ROCKS,343.08,100235,99765,0,0,0,236.312,14291900918744552141
1000000,4,CLEAN_AHSE,355.15,100235,99765,0,0,0,236.391,14291900918744552141
1000000,4,LEAKY_AHSE,1330.43,100235,99765,0,3,1,287.844,12151378714416855511
