writers,rep,total_writes,mig_writes,steady_writes,mig_p50,mig_p95,mig_p99,mig_p999,steady_p50,steady_p95,steady_p99,steady_p999,cons_total,cons_missing,cons_mismatch,build_ms,window_ms
1,0,286253,138663,147590,0.003709,0.006209,0.009084,0.025917,0.002291,0.021542,0.025417,0.034791,2000000,0,0,571.965,1095.54
1,1,274938,143504,131434,0.003542,0.00575,0.007709,0.017583,0.002667,0.023125,0.027125,0.033416,2000000,0,0,560.258,1060.59
1,2,307599,152324,155275,0.003208,0.005166,0.006625,0.020084,0.002208,0.020083,0.023291,0.032291,2000000,0,0,533.895,1171.55
1,3,308213,153543,154670,0.003208,0.00525,0.007083,0.019583,0.00225,0.020291,0.022834,0.028667,2000000,0,0,549.856,1205.72
1,4,303804,153533,150271,0.003208,0.005125,0.006542,0.017875,0.002208,0.02175,0.026541,0.041958,2000000,0,0,535.213,1184.99
4,0,289055,153509,135546,0.012542,0.027584,0.038042,0.112458,0.009416,0.104958,0.116209,0.223958,2000000,0,0,565.635,1047.5
4,1,255466,144366,111100,0.013458,0.028916,0.041208,0.135125,0.013334,0.113167,0.127417,0.183208,2000000,0,0,569.856,1063.59
4,2,270278,146885,123393,0.01325,0.028083,0.037917,0.133333,0.011292,0.106667,0.116625,0.152083,2000000,0,0,574.093,1068.1
4,3,175600,87120,88480,0.020958,0.066708,0.125,0.317167,0.0155,0.117084,0.228333,0.487792,2000000,0,0,587.759,951.912
4,4,167481,81096,86385,0.023375,0.060916,0.131041,0.693125,0.015167,0.124625,0.17675,0.622959,2000000,0,0,601.417,925.221
8,0,176017,92006,84011,0.045083,0.089958,0.148375,0.340625,0.0385,0.223,0.40325,1.56633,2000000,0,0,563.593,918.859
8,1,146974,81364,65610,0.050625,0.118042,0.212875,1.19933,0.047792,0.243375,0.527958,2.54029,2000000,0,0,616.157,974.821
8,2,146523,81975,64548,0.05075,0.1185,0.219833,0.943625,0.048791,0.246125,0.519209,3.26646,2000000,0,0,613.643,976.652
8,3,273128,121170,151958,0.036958,0.068792,0.107208,0.195042,0.016333,0.226834,0.269709,0.376334,2000000,0,0,618.021,1070.65
8,4,182045,93693,88352,0.051334,0.091917,0.145125,0.397333,0.038583,0.228708,0.262667,0.36975,2000000,0,0,649.2,1029.81
16,0,183711,105661,78050,0.090542,0.131542,0.186458,0.362625,0.083291,0.45475,0.496833,2.89933,2000000,0,0,620.676,993.951
16,1,181860,98871,82989,0.092459,0.153083,0.222584,0.807833,0.078625,0.451709,0.51575,0.76375,2000000,0,0,613.538,985.925
16,2,188917,107220,81697,0.087625,0.125833,0.17225,0.369292,0.081542,0.438209,0.471292,0.568,2000000,0,0,614.469,984.403
16,3,191920,110517,81403,0.086958,0.116917,0.15175,0.318416,0.081792,0.437625,0.47825,0.705916,2000000,0,0,614.072,997.251
16,4,187827,106704,81123,0.088166,0.122583,0.177541,0.471708,0.08175,0.439083,0.477333,0.584167,2000000,0,0,621.492,989.65
