engine,keys,cycles,writes_per_cycle,scans_per_cycle,scan_len,value_size,run,total_ms,write_ms,scan_ms,wlat_avg,wlat_p99,slat_avg,slat_p50,slat_p95,slat_p99,slat_p999,peak_ram_mb,migrations,build_ms,build_keys,checksum
rocksdb,2000000,3,500000,100000,200,200,0,30017.1,4328.35,25688.7,0.00286661,0.006208,0.0856075,0.081292,0.11025,0.127417,0.180208,235.078,0,0,0,4233465985055063939
rocksdb,2000000,3,500000,100000,200,200,1,30013.2,4227.98,25785.2,0.00279968,0.005792,0.0859292,0.082792,0.10775,0.121834,0.160208,242.828,0,0,0,4233465985055063939
rocksdb,2000000,3,500000,100000,200,200,2,30097.1,4053.26,26043.9,0.00268301,0.0055,0.08679,0.084417,0.106333,0.12275,0.214084,244.906,0,0,0,4233465985055063939
rocksdb,2000000,3,500000,100000,200,200,3,28722.5,3778.63,24943.9,0.00249995,0.005,0.0831262,0.080958,0.100917,0.10875,0.126334,245.719,0,0,0,4233465985055063939
rocksdb,2000000,3,500000,100000,200,200,4,28275.9,3722.21,24553.7,0.00246226,0.004833,0.0818258,0.07925,0.100792,0.117208,0.12875,250,0,0,0,4233465985055063939
lmdb,2000000,3,500000,100000,200,200,0,26955.4,15079.4,11876,0.0100323,0.013834,0.0395666,0.039333,0.041916,0.048291,0.054417,656.359,0,0,0,4233465985055063939
lmdb,2000000,3,500000,100000,200,200,1,27146.3,15207.9,11938.4,0.0101182,0.013792,0.0397744,0.039334,0.0435,0.049792,0.056375,656.375,0,0,0,4233465985055063939
lmdb,2000000,3,500000,100000,200,200,2,26875.2,14949.3,11925.9,0.00994576,0.013666,0.0397329,0.039333,0.043125,0.050333,0.05675,657.594,0,0,0,4233465985055063939
lmdb,2000000,3,500000,100000,200,200,3,28210.3,16084.8,12125.5,0.0107025,0.019208,0.0403994,0.039375,0.04825,0.054041,0.059167,658.844,0,0,0,4233465985055063939
lmdb,2000000,3,500000,100000,200,200,4,27160.4,15038.6,12121.8,0.0100053,0.0145,0.0403887,0.039458,0.046667,0.053666,0.0625,657.828,0,0,0,4233465985055063939
static_hybrid,2000000,3,500000,100000,200,200,0,34396.4,22435,11961.4,0.0149346,0.02125,0.039854,0.039292,0.043583,0.051292,0.065167,870.406,0,0,0,4233465985055063939
static_hybrid,2000000,3,500000,100000,200,200,1,34443.4,22522.2,11921.2,0.0149925,0.022667,0.0397201,0.039292,0.043041,0.050666,0.059,879.25,0,0,0,4233465985055063939
static_hybrid,2000000,3,500000,100000,200,200,2,40075.3,26995.3,13080,0.017971,0.036833,0.0435782,0.040541,0.051584,0.063375,0.123291,880.703,0,0,0,4233465985055063939
static_hybrid,2000000,3,500000,100000,200,200,3,34239.2,22117.6,12121.6,0.0147237,0.022167,0.0403872,0.0395,0.046042,0.053417,0.080583,883.234,0,0,0,4233465985055063939
static_hybrid,2000000,3,500000,100000,200,200,4,35443.4,23329.6,12113.8,0.0155302,0.026167,0.0403616,0.039459,0.045708,0.0525,0.0665,882.828,0,0,0,4233465985055063939
ahse,2000000,3,500000,100000,200,200,0,23524.7,7687.89,15836.8,0.00510527,0.01575,0.052771,0.038291,0.097917,0.108333,0.120542,688.969,28,844.467,2000000,4233465985055063939
ahse,2000000,3,500000,100000,200,200,1,23765.8,7621.2,16144.6,0.00506103,0.016625,0.0537961,0.038666,0.102583,0.118041,0.14975,689.766,28,905.355,2000000,4233465985055063939
ahse,2000000,3,500000,100000,200,200,2,23783.1,7502.93,16280.1,0.00498218,0.016917,0.0542481,0.0385,0.099208,0.117208,0.152167,689.891,26,864.61,2000000,4233465985055063939
ahse,2000000,3,500000,100000,200,200,3,25813.3,7379.8,18433.5,0.00490005,0.014875,0.061427,0.070333,0.097916,0.108791,0.123542,690.625,30,956.903,2000000,4233465985055063939
ahse,2000000,3,500000,100000,200,200,4,26729.7,7754.69,18975,0.00515007,0.017292,0.0632308,0.070875,0.099292,0.112583,0.140125,692.5,32,987.297,2000000,4233465985055063939
aha,2000000,3,500000,100000,200,200,0,29453.9,4241.51,25212.4,0.0028087,0.005917,0.0840196,0.080584,0.104333,0.119042,0.1615,229.422,0,0,0,4233465985055063939
aha,2000000,3,500000,100000,200,200,1,29371.3,4268.22,25103.1,0.0028259,0.005875,0.0836555,0.080125,0.104333,0.117,0.138875,240.734,0,0,0,4233465985055063939
aha,2000000,3,500000,100000,200,200,2,28813.4,3974.43,24838.9,0.00263068,0.005208,0.0827753,0.08,0.101375,0.110708,0.13225,245.391,0,0,0,4233465985055063939
aha,2000000,3,500000,100000,200,200,3,30200.3,4339.39,25860.9,0.00287336,0.006042,0.0861809,0.082583,0.110333,0.125042,0.169708,246.141,0,0,0,4233465985055063939
aha,2000000,3,500000,100000,200,200,4,30041.8,4230.77,25811.1,0.00280151,0.00575,0.0860148,0.084125,0.105666,0.121667,0.1995,251.391,0,0,0,4233465985055063939
