engine,keys,cycles,writes_per_cycle,scans_per_cycle,scan_len,value_size,run,total_ms,write_ms,scan_ms,wlat_avg,wlat_p99,slat_avg,slat_p50,slat_p95,slat_p99,slat_p999,peak_ram_mb,gate_votes,phys_migrations,build_ms,build_keys,checksum
rocksdb,2000000,6,250000,50000,200,200,0,33728.5,4960.59,28767.9,0.00328426,0.009792,0.0958579,0.086667,0.142167,0.256708,0.6415,224.828,0,0,0,0,4233465985055063939
rocksdb,2000000,6,250000,50000,200,200,0,30786.7,4485.69,26301,0.00297035,0.006416,0.0876436,0.084541,0.114958,0.141375,0.199875,209.906,0,0,0,0,4233465985055063939
rocksdb,2000000,6,250000,50000,200,200,0,29944,4302.62,25641.4,0.0028484,0.006208,0.0854466,0.083416,0.1095,0.127875,0.194416,230.625,0,0,0,0,4233465985055063939
lmdb,2000000,6,250000,50000,200,200,0,30696.4,17573.7,13122.7,0.0116943,0.022042,0.0437169,0.041041,0.053708,0.063209,0.112167,656.344,0,0,0,0,4233465985055063939
lmdb,2000000,6,250000,50000,200,200,0,30730.3,17622.6,13107.8,0.0117264,0.022458,0.0436683,0.041,0.053875,0.0635,0.106542,656.375,0,0,0,0,4233465985055063939
lmdb,2000000,6,250000,50000,200,200,0,30849.1,17594,13255.1,0.0117073,0.022958,0.0441582,0.041166,0.054208,0.071792,0.131667,656.344,0,0,0,0,4233465985055063939
static_hybrid,2000000,6,250000,50000,200,200,0,38231.1,25373.5,12857.6,0.0168907,0.028958,0.0428385,0.040291,0.053708,0.059459,0.104541,846.75,0,0,0,0,4233465985055063939
static_hybrid,2000000,6,250000,50000,200,200,0,39912.1,26976,12936.1,0.0179566,0.035625,0.0430988,0.040708,0.053042,0.062542,0.111042,858.969,0,0,0,0,4233465985055063939
static_hybrid,2000000,6,250000,50000,200,200,0,40341.6,27160,13181.6,0.0180806,0.03175,0.043917,0.04125,0.053875,0.064,0.111959,843.828,0,0,0,0,4233465985055063939
ahse,2000000,6,250000,50000,200,200,0,34374.4,14033.8,20340.6,0.00933343,0.026083,0.0677788,0.067875,0.114708,0.141541,0.198042,679.484,34,6,620.01,2000000,4233465985055063939
ahse,2000000,6,250000,50000,200,200,0,34319,14094.1,20224.9,0.00937281,0.024791,0.0673939,0.067791,0.113125,0.136459,0.199709,679.641,34,6,622.989,2000000,4233465985055063939
ahse,2000000,6,250000,50000,200,200,0,34818.1,14528.1,20290,0.00966262,0.026083,0.0676108,0.068708,0.111875,0.138292,0.187667,663.969,35,6,630.299,2000000,4233465985055063939
rocksdb,2000000,2,750000,150000,200,200,0,31738.5,4588.38,27150.2,0.00303882,0.006875,0.0904748,0.08875,0.110042,0.138667,0.227708,229.203,0,0,0,0,4233465985055063939
rocksdb,2000000,2,750000,150000,200,200,0,30875.2,4390.17,26485,0.00290687,0.006084,0.0882587,0.086959,0.105125,0.123708,0.175417,230.375,0,0,0,0,4233465985055063939
rocksdb,2000000,2,750000,150000,200,200,0,30873.9,4496.07,26377.8,0.00297739,0.006791,0.0879015,0.086625,0.10525,0.12325,0.197667,239.672,0,0,0,0,4233465985055063939
lmdb,2000000,2,750000,150000,200,200,0,30328.9,17067.7,13261.2,0.0113565,0.020083,0.0441792,0.0415,0.054167,0.064791,0.115875,656.359,0,0,0,0,4233465985055063939
lmdb,2000000,2,750000,150000,200,200,0,30891.1,17759.6,13131.5,0.0118175,0.022209,0.0437464,0.041125,0.053625,0.063667,0.112,656.375,0,0,0,0,4233465985055063939
lmdb,2000000,2,750000,150000,200,200,0,30460.7,17251.7,13209,0.0114792,0.019917,0.0440057,0.041292,0.054167,0.063209,0.105958,656.375,0,0,0,0,4233465985055063939
static_hybrid,2000000,2,750000,150000,200,200,0,45990.5,32163.3,13827.2,0.0214106,0.073042,0.0460647,0.044792,0.054333,0.082917,0.155958,843.812,0,0,0,0,4233465985055063939
static_hybrid,2000000,2,750000,150000,200,200,0,40540,27354.3,13185.8,0.0182094,0.031416,0.0439312,0.04175,0.053209,0.062333,0.099708,835.172,0,0,0,0,4233465985055063939
static_hybrid,2000000,2,750000,150000,200,200,0,40377.7,27215,13162.8,0.0181163,0.031666,0.0438549,0.04125,0.053791,0.062459,0.100708,834.516,0,0,0,0,4233465985055063939
ahse,2000000,2,750000,150000,200,200,0,21879.1,6625.33,15253.8,0.0043963,0.017625,0.0508244,0.041708,0.098666,0.115125,0.1625,683.234,27,2,614.483,2000000,4233465985055063939
ahse,2000000,2,750000,150000,200,200,0,21926.7,6601.12,15325.6,0.00438026,0.017667,0.0510637,0.041625,0.099167,0.119084,0.166125,683.5,27,2,646.289,2000000,4233465985055063939
ahse,2000000,2,750000,150000,200,200,0,21909.8,6635.84,15274,0.0044033,0.017583,0.0508918,0.042042,0.097875,0.11725,0.153,688.344,27,2,610.678,2000000,4233465985055063939
rocksdb,2000000,3,500000,100000,200,200,0,33209.3,4604.67,28604.6,0.00325796,0.009,0.0937815,0.09075,0.117125,0.139125,0.211708,239.938,0,0,0,0,4233465985055063939
rocksdb,2000000,3,500000,100000,200,200,0,30085.1,3920.95,26164.1,0.00273153,0.006125,0.0860865,0.083167,0.1025,0.109125,0.126875,248.328,0,0,0,0,4233465985055063939
rocksdb,2000000,3,500000,100000,200,200,0,29784.2,3842.23,25941.9,0.00267546,0.005958,0.0853725,0.08225,0.103416,0.114584,0.130208,253.844,0,0,0,0,4233465985055063939
lmdb,2000000,3,500000,100000,200,200,0,979290,17312.1,961978,0.0115912,0.017791,3.20446,0.045708,0.052708,0.0575,0.092666,668.141,0,0,0,0,4233465985055063939
lmdb,2000000,3,500000,100000,200,200,0,33113.4,18823.9,14289.5,0.0125554,0.021458,0.0455636,0.045709,0.051459,0.05475,0.066916,668.203,0,0,0,0,4233465985055063939
lmdb,2000000,3,500000,100000,200,200,0,28902.6,15754.2,13148.3,0.01056,0.016584,0.0418208,0.040375,0.0495,0.054625,0.072708,668.156,0,0,0,0,4233465985055063939
static_hybrid,2000000,3,500000,100000,200,200,0,41350.4,26970.1,14380.3,0.0181572,0.034041,0.044159,0.041375,0.054125,0.0635,0.111042,843.281,0,0,0,0,4233465985055063939
static_hybrid,2000000,3,500000,100000,200,200,0,42825.8,28160,14665.8,0.0190122,0.042041,0.0446594,0.042333,0.05425,0.066083,0.126041,826.531,0,0,0,0,4233465985055063939
static_hybrid,2000000,3,500000,100000,200,200,0,42291.5,27913.5,14377.9,0.0187773,0.037042,0.0441004,0.041542,0.053708,0.061959,0.101459,840.906,0,0,0,0,4233465985055063939
ahse,2000000,3,500000,100000,200,200,0,26316.9,8305.19,18011.7,0.00601687,0.024583,0.0565965,0.044333,0.109,0.133333,0.178208,709.266,31,3,657.607,2000000,4233465985055063939
ahse,2000000,3,500000,100000,200,200,0,26204.1,8443.14,17761,0.00604702,0.02325,0.0560674,0.043541,0.10925,0.130708,0.169083,697.266,30,3,671.909,2000000,4233465985055063939
ahse,2000000,3,500000,100000,200,200,0,26104.3,8457.19,17647.1,0.00603488,0.024042,0.0557952,0.043708,0.107583,0.128042,0.161791,711.531,30,3,644.915,2000000,4233465985055063939
rocksdb,2000000,3,500000,100000,200,200,0,35685.6,4877.9,30807.7,0.00357373,0.011125,0.100038,0.090167,0.130209,0.294875,0.597958,238.875,0,0,0,0,4233465985055063939
rocksdb,2000000,3,500000,100000,200,200,0,33958.5,4705.34,29253.2,0.00337884,0.009792,0.0953106,0.090708,0.11925,0.168042,0.328334,230.344,0,0,0,0,4233465985055063939
rocksdb,2000000,3,500000,100000,200,200,0,33449.6,4653.91,28795.7,0.00333383,0.008709,0.0938523,0.091458,0.116833,0.135042,0.18225,230.078,0,0,0,0,4233465985055063939
lmdb,2000000,3,500000,100000,200,200,0,31986.8,17658.4,14328.4,0.0118954,0.023625,0.0440131,0.041334,0.054,0.064584,0.112917,668.359,0,0,0,0,4233465985055063939
lmdb,2000000,3,500000,100000,200,200,0,31132,16997.8,14134.2,0.0114145,0.0205,0.0436907,0.041167,0.053291,0.060958,0.092583,668.375,0,0,0,0,4233465985055063939
lmdb,2000000,3,500000,100000,200,200,0,31272.2,17077,14195.3,0.011481,0.020458,0.0438085,0.04125,0.053542,0.061875,0.102166,668.406,0,0,0,0,4233465985055063939
static_hybrid,2000000,3,500000,100000,200,200,0,41949.9,27119.1,14830.8,0.0182543,0.031542,0.0438145,0.041334,0.053459,0.060375,0.0835,835.625,0,0,0,0,4233465985055063939
static_hybrid,2000000,3,500000,100000,200,200,0,42924.5,28024.3,14900.2,0.0188455,0.035625,0.0439447,0.041709,0.052875,0.0595,0.083125,852.391,0,0,0,0,4233465985055063939
static_hybrid,2000000,3,500000,100000,200,200,0,41916.3,27092.7,14823.6,0.0182552,0.031792,0.0436986,0.04125,0.053292,0.060333,0.086083,841.594,0,0,0,0,4233465985055063939
ahse,2000000,3,500000,100000,200,200,0,31321.1,7776.76,23544.3,0.00594212,0.027083,0.0730639,0.079334,0.111875,0.1365,0.196667,732.812,12,3,660.572,2000000,4233465985055063939
ahse,2000000,3,500000,100000,200,200,0,79859.5,30727.6,49131.9,0.0224582,0.066875,0.148021,0.100583,0.27475,0.461125,2.37708,736.266,10,4,1407.77,2000000,4233465985055063939
ahse,2000000,3,500000,100000,200,200,0,65013.9,28791.2,36222.6,0.0204942,0.076792,0.108797,0.0945,0.19875,0.253916,0.617625,781.188,24,4,1214.05,2000000,4233465985055063939
