engine,mode,keys,ops,run,exec_ms,writes,reads,scans,wlat_avg,wlat_p99,rlat_avg,rlat_p99,slat_avg,slat_p50,slat_p95,slat_p99,slat_p999,ram_mb,ahse_build_keys,ahse_build_ms,ahse_migrations,checksum
rocksdb,custom,2000000,20000,0,5042.69,2000000,0,20000,0.00244909,0.0045,4935.32,0,0.00534986,0.005333,0.007875,0.009292,0.016959,146,0,0,0,5216496088120941443
rocksdb,custom,2000000,20000,0,5096.32,2000000,0,20000,0.00247469,0.004708,4986.95,0,0.00545158,0.005417,0.007917,0.009542,0.016792,148.844,0,0,0,5216496088120941443
rocksdb,custom,2000000,20000,0,5059.53,2000000,0,20000,0.00245711,0.004417,4952.31,0,0.00534361,0.005291,0.00775,0.009542,0.01875,150.828,0,0,0,5216496088120941443
lmdb,custom,2000000,20000,0,19671.9,2000000,0,20000,0.00980203,0.017833,19646.6,0,0.00124367,0.00125,0.001667,0.002,0.004458,160.922,0,0,0,5216496088120941443
lmdb,custom,2000000,20000,0,21467.3,2000000,0,20000,0.0106986,0.021042,21441.3,0,0.00127922,0.00125,0.001709,0.002,0.008334,160.922,0,0,0,5216496088120941443
lmdb,custom,2000000,20000,0,19609.5,2000000,0,20000,0.00976822,0.018875,19580.8,0,0.00141593,0.001375,0.001959,0.002458,0.012625,160.859,0,0,0,5216496088120941443
rocksdb,custom,2000000,20000,0,5955.49,2000000,0,20000,0.00280608,0.005875,5651.72,0,0.015168,0.014708,0.019917,0.025125,0.070042,166.359,0,0,0,5123092167345810307
rocksdb,custom,2000000,20000,0,5736.21,2000000,0,20000,0.00270342,0.005667,5446.46,0,0.0144694,0.014375,0.018042,0.019667,0.025541,148.453,0,0,0,5123092167345810307
rocksdb,custom,2000000,20000,0,5301.27,2000000,0,20000,0.00248016,0.004833,5000.41,0,0.0150249,0.014792,0.019542,0.022792,0.034125,166.922,0,0,0,5123092167345810307
lmdb,custom,2000000,20000,0,19067.4,2000000,0,20000,0.0094833,0.016541,19011.6,0,0.00277165,0.00275,0.003417,0.003792,0.006917,160.844,0,0,0,5123092167345810307
lmdb,custom,2000000,20000,0,21370.2,2000000,0,20000,0.0106287,0.018958,21303.2,0,0.00333085,0.003208,0.004125,0.006875,0.01175,161,0,0,0,5123092167345810307
lmdb,custom,2000000,20000,0,19787.7,2000000,0,20000,0.0098426,0.01675,19730.9,0,0.0028213,0.002792,0.0035,0.003875,0.00825,160.891,0,0,0,5123092167345810307
rocksdb,custom,2000000,20000,0,7224.77,2000000,0,20000,0.0025115,0.005042,5062.38,0,0.108099,0.106584,0.128167,0.143791,0.200583,152.5,0,0,0,566606600814316419
rocksdb,custom,2000000,20000,0,7044.8,2000000,0,20000,0.00247089,0.0045,4981.16,0,0.103162,0.102625,0.114458,0.121916,0.148417,149.562,0,0,0,566606600814316419
rocksdb,custom,2000000,20000,0,6914.42,2000000,0,20000,0.00240863,0.00425,4856.38,0,0.102883,0.102334,0.114292,0.121917,0.163042,146.125,0,0,0,566606600814316419
lmdb,custom,2000000,20000,0,18584.9,2000000,0,20000,0.00908092,0.013125,18205.2,0,0.0189637,0.018833,0.02125,0.02475,0.028083,160.938,0,0,0,566606600814316419
lmdb,custom,2000000,20000,0,18499.1,2000000,0,20000,0.00903789,0.013542,18119.3,0,0.018973,0.018833,0.021458,0.025042,0.030125,160.922,0,0,0,566606600814316419
lmdb,custom,2000000,20000,0,18890.3,2000000,0,20000,0.00923217,0.014125,18509.5,0,0.019022,0.018875,0.021459,0.025292,0.033333,160.922,0,0,0,566606600814316419
rocksdb,custom,2000000,20000,0,5222.33,2000000,0,20000,0.0024539,0.005125,4946.14,0,0.0137907,0.014,0.016917,0.018917,0.027167,223.219,0,0,0,8896630853173987715
rocksdb,custom,2000000,20000,0,5135.74,2000000,0,20000,0.00241168,0.004958,4861.55,0,0.0136901,0.013875,0.016834,0.018667,0.024083,228.953,0,0,0,8896630853173987715
rocksdb,custom,2000000,20000,0,5110.18,2000000,0,20000,0.00239955,0.004834,4837.66,0,0.0136071,0.01375,0.016916,0.019292,0.027875,229.75,0,0,0,8896630853173987715
lmdb,custom,2000000,20000,0,19338.6,2000000,0,20000,0.00962751,0.01475,19296.4,0,0.00209218,0.002083,0.0025,0.00275,0.003541,388.188,0,0,0,8896630853173987715
lmdb,custom,2000000,20000,0,19913,2000000,0,20000,0.00991439,0.0175,19870.7,0,0.00210028,0.002083,0.002542,0.002833,0.004875,388.25,0,0,0,8896630853173987715
lmdb,custom,2000000,20000,0,19046.1,2000000,0,20000,0.00948046,0.014375,19003.4,0,0.00211619,0.002083,0.002542,0.002834,0.007583,387.75,0,0,0,8896630853173987715
rocksdb,custom,2000000,20000,0,5322.13,2000000,0,20000,0.00235048,0.004666,4739.4,0,0.0291163,0.026583,0.038916,0.046417,0.05525,232.078,0,0,0,14106090553699900803
rocksdb,custom,2000000,20000,0,5263.98,2000000,0,20000,0.0023227,0.004542,4683.59,0,0.0289999,0.0265,0.038541,0.040917,0.050416,232.219,0,0,0,14106090553699900803
rocksdb,custom,2000000,20000,0,5358.38,2000000,0,20000,0.00237091,0.004833,4780.31,0,0.0288853,0.026458,0.038375,0.041542,0.048583,229.797,0,0,0,14106090553699900803
lmdb,custom,2000000,20000,0,19402.4,2000000,0,20000,0.00956413,0.014584,19170,0,0.0116024,0.011166,0.014791,0.016292,0.022083,388.219,0,0,0,14106090553699900803
lmdb,custom,2000000,20000,0,19046.9,2000000,0,20000,0.00939384,0.013875,18829.1,0,0.0108712,0.010792,0.011542,0.01475,0.018416,388.234,0,0,0,14106090553699900803
lmdb,custom,2000000,20000,0,19370.4,2000000,0,20000,0.00955513,0.014292,19152.8,0,0.010862,0.01075,0.011583,0.014916,0.017875,388.203,0,0,0,14106090553699900803
rocksdb,custom,2000000,20000,0,8565.38,2000000,0,20000,0.00234206,0.004584,4722.71,0,0.192115,0.190209,0.234916,0.249459,0.266958,213.891,0,0,0,12035430934511609219
rocksdb,custom,2000000,20000,0,8535.36,2000000,0,20000,0.00231394,0.004542,4666.52,0,0.193422,0.191292,0.236709,0.249792,0.266167,198.344,0,0,0,12035430934511609219
rocksdb,custom,2000000,20000,0,8571.21,2000000,0,20000,0.00234973,0.004584,4737.83,0,0.19165,0.189958,0.232792,0.250125,0.280291,233.469,0,0,0,12035430934511609219
lmdb,custom,2000000,20000,0,21008.4,2000000,0,20000,0.00949338,0.014709,19029.6,0,0.0989189,0.0975,0.112209,0.125416,0.13925,388.234,0,0,0,12035430934511609219
lmdb,custom,2000000,20000,0,21405.2,2000000,0,20000,0.00968806,0.015417,19417.8,0,0.099352,0.097416,0.115125,0.126791,0.136417,388.281,0,0,0,12035430934511609219
lmdb,custom,2000000,20000,0,21728,2000000,0,20000,0.0098021,0.015959,19647,0,0.104028,0.099125,0.120667,0.152334,0.264417,388.234,0,0,0,12035430934511609219
rocksdb,custom,2000000,20000,0,7470.88,2000000,0,20000,0.00331997,0.00725,6682.32,0,0.0394092,0.039083,0.055625,0.06625,0.131291,322.516,0,0,0,15643820565506539395
rocksdb,custom,2000000,20000,0,7638.14,2000000,0,20000,0.00337471,0.007458,6791.15,0,0.0423311,0.040875,0.060542,0.070792,0.104084,319.109,0,0,0,15643820565506539395
rocksdb,custom,2000000,20000,0,7712.51,2000000,0,20000,0.00341358,0.007708,6867.79,0,0.0422164,0.040583,0.06125,0.088583,0.188791,322.125,0,0,0,15643820565506539395
lmdb,custom,2000000,20000,0,23780,2000000,0,20000,0.0117428,0.031375,23529.3,0,0.0125191,0.011917,0.015708,0.019042,0.046209,3119.48,0,0,0,15643820565506539395
lmdb,custom,2000000,20000,0,22094.4,2000000,0,20000,0.0109093,0.018417,21859.1,0,0.0117435,0.011625,0.012417,0.015834,0.020917,3125.52,0,0,0,15643820565506539395
lmdb,custom,2000000,20000,0,22369,2000000,0,20000,0.0110437,0.018625,22127.5,0,0.0120568,0.011833,0.014334,0.0165,0.022708,3125.55,0,0,0,15643820565506539395
rocksdb,custom,2000000,20000,0,9406.9,2000000,0,20000,0.00314091,0.006,6322.93,0,0.154179,0.158,0.181584,0.196042,0.231208,330.078,0,0,0,4221287666493228931
rocksdb,custom,2000000,20000,0,9548.88,2000000,0,20000,0.00318637,0.006333,6413.71,0,0.156739,0.159209,0.188625,0.211834,0.250416,334.672,0,0,0,4221287666493228931
rocksdb,custom,2000000,20000,0,10105.6,2000000,0,20000,0.00336778,0.007917,6776.37,0,0.166439,0.162375,0.218917,0.253,0.392625,331.641,0,0,0,4221287666493228931
lmdb,custom,2000000,20000,0,24796.6,2000000,0,20000,0.0113723,0.018667,22787,0,0.100459,0.098667,0.111375,0.123334,0.134,3125.58,0,0,0,4221287666493228931
lmdb,custom,2000000,20000,0,24479.7,2000000,0,20000,0.0111542,0.018166,22348.9,0,0.106517,0.10325,0.126417,0.13575,0.2305,3125.55,0,0,0,4221287666493228931
lmdb,custom,2000000,20000,0,23082.1,2000000,0,20000,0.0105217,0.01725,21086,0,0.0997844,0.09825,0.111875,0.124375,0.133292,3125.55,0,0,0,4221287666493228931
rocksdb,custom,2000000,20000,0,32490.2,2000000,0,20000,0.00303026,0.00575,6100.51,0,1.31946,1.28571,1.52204,1.64633,2.05158,335.656,0,0,0,7587698295008253827
rocksdb,custom,2000000,20000,0,31854.9,2000000,0,20000,0.00301779,0.005708,6076.86,0,1.28889,1.26579,1.48971,1.57017,1.686,334.562,0,0,0,7587698295008253827
rocksdb,custom,2000000,20000,0,31766.1,2000000,0,20000,0.00299341,0.005541,6026.86,0,1.28694,1.27012,1.46371,1.52271,1.61133,331.469,0,0,0,7587698295008253827
lmdb,custom,2000000,20000,0,40691.6,2000000,0,20000,0.0102896,0.016667,20619.3,0,1.00359,0.981625,1.13483,1.23725,1.76683,3125.59,0,0,0,7587698295008253827
lmdb,custom,2000000,20000,0,44796.8,2000000,0,20000,0.0122391,0.029208,24520.8,0,1.01378,0.9835,1.13437,1.25729,2.22412,3125.61,0,0,0,7587698295008253827
lmdb,custom,2000000,20000,0,41121.9,2000000,0,20000,0.0103108,0.016292,20662.4,0,1.02295,0.996166,1.17188,1.2415,1.33308,3125.55,0,0,0,7587698295008253827
