engine,mode,keys,ops,value_size,scan_len,run,exec_ms,writes,reads,scans,wlat_avg,wlat_p99,rlat_avg,rlat_p99,slat_avg,slat_p50,slat_p95,slat_p99,slat_p999,ram_mb,ahse_build_keys,ahse_build_ms,ahse_migrations,checksum
rocksdb,ycsb-b,2000000,200000,1000,100,0,770.763,9999,190001,0,0.00456335,0.011292,0.00379739,0.00675,0,0,0,0,0,236.891,0,0,0,5857643213450984291
rocksdb,ycsb-b,2000000,200000,1000,100,0,759.173,9999,190001,0,0.0042179,0.01075,0.00375463,0.006834,0,0,0,0,0,240.781,0,0,0,5857643213450984291
rocksdb,ycsb-b,2000000,200000,1000,100,0,762.421,9999,190001,0,0.00421363,0.010583,0.00377174,0.006833,0,0,0,0,0,237.312,0,0,0,5857643213450984291
rocksdb,ycsb-b,2000000,200000,1000,100,0,776.52,9999,190001,0,0.0044592,0.010708,0.00383309,0.006917,0,0,0,0,0,237.609,0,0,0,5857643213450984291
rocksdb,ycsb-b,2000000,200000,1000,100,0,772.508,9999,190001,0,0.0046347,0.011542,0.00380271,0.006833,0,0,0,0,0,236.859,0,0,0,5857643213450984291
lmdb,ycsb-b,2000000,200000,1000,100,0,438.05,9999,190001,0,0.0102829,0.016125,0.00174454,0.002541,0,0,0,0,0,2269.39,0,0,0,5857643213450984291
lmdb,ycsb-b,2000000,200000,1000,100,0,472.054,9999,190001,0,0.0105715,0.016417,0.00190889,0.003375,0,0,0,0,0,2269.33,0,0,0,5857643213450984291
lmdb,ycsb-b,2000000,200000,1000,100,0,498.588,9999,190001,0,0.0116444,0.022208,0.00198981,0.004625,0,0,0,0,0,2269.38,0,0,0,5857643213450984291
lmdb,ycsb-b,2000000,200000,1000,100,0,487.714,9999,190001,0,0.0110713,0.020458,0.00196407,0.003791,0,0,0,0,0,2269.3,0,0,0,5857643213450984291
lmdb,ycsb-b,2000000,200000,1000,100,0,553.104,9999,190001,0,0.0122081,0.0235,0.00224783,0.005292,0,0,0,0,0,2269.42,0,0,0,5857643213450984291
aha,ycsb-b,2000000,200000,1000,100,0,765.724,9999,190001,0,0.00364533,0.010625,0.00381926,0.007625,0,0,0,0,0,240.141,0,0,0,5857643213450984291
aha,ycsb-b,2000000,200000,1000,100,0,783.22,9999,190001,0,0.00378012,0.011458,0.00390368,0.006959,0,0,0,0,0,229.203,0,0,0,5857643213450984291
aha,ycsb-b,2000000,200000,1000,100,0,765.092,9999,190001,0,0.00365957,0.011041,0.00381505,0.007416,0,0,0,0,0,246.078,0,0,0,5857643213450984291
aha,ycsb-b,2000000,200000,1000,100,0,803.544,9999,190001,0,0.00410229,0.013125,0.0039937,0.007125,0,0,0,0,0,232.328,0,0,0,5857643213450984291
aha,ycsb-b,2000000,200000,1000,100,0,804.053,9999,190001,0,0.00437577,0.014042,0.00398226,0.007542,0,0,0,0,0,234.781,0,0,0,5857643213450984291
static_hybrid,ycsb-b,2000000,200000,1000,100,0,593.642,9999,190001,0,0.0208846,0.040417,0.00200599,0.00325,0,0,0,0,0,2494.09,0,0,0,5857643213450984291
static_hybrid,ycsb-b,2000000,200000,1000,100,0,590.676,9999,190001,0,0.0216626,0.055834,0.00194976,0.003333,0,0,0,0,0,2492.39,0,0,0,5857643213450984291
static_hybrid,ycsb-b,2000000,200000,1000,100,0,596.501,9999,190001,0,0.0219989,0.035208,0.00196264,0.003125,0,0,0,0,0,2494.5,0,0,0,5857643213450984291
static_hybrid,ycsb-b,2000000,200000,1000,100,0,597.351,9999,190001,0,0.0221456,0.038417,0.00195952,0.003125,0,0,0,0,0,2495.44,0,0,0,5857643213450984291
static_hybrid,ycsb-b,2000000,200000,1000,100,0,598.096,9999,190001,0,0.0219851,0.036291,0.00197232,0.004792,0,0,0,0,0,2498,0,0,0,5857643213450984291
ahse,ycsb-b,2000000,200000,1000,100,0,808.436,9999,190001,0,0.00404383,0.013209,0.00402235,0.007041,0,0,0,0,0,236.594,0,0,0,5857643213450984291
ahse,ycsb-b,2000000,200000,1000,100,0,775.157,9999,190001,0,0.00399443,0.012208,0.00384956,0.007708,0,0,0,0,0,240.844,0,0,0,5857643213450984291
ahse,ycsb-b,2000000,200000,1000,100,0,834.672,9999,190001,0,0.00485835,0.01375,0.00411743,0.007166,0,0,0,0,0,240.031,0,0,0,5857643213450984291
ahse,ycsb-b,2000000,200000,1000,100,0,796.287,9999,190001,0,0.00594133,0.011833,0.0038589,0.008041,0,0,0,0,0,240.5,0,0,0,5857643213450984291
ahse,ycsb-b,2000000,200000,1000,100,0,805.478,9999,190001,0,0.00499433,0.012917,0.00395708,0.007333,0,0,0,0,0,241.594,0,0,0,5857643213450984291
rocksdb,ycsb-c,2000000,200000,1000,100,0,686.83,0,200000,0,0,0,0.00341572,0.006208,0,0,0,0,0,230.141,0,0,0,1546678953472560003
rocksdb,ycsb-c,2000000,200000,1000,100,0,703.856,0,200000,0,0,0,0.00350062,0.006584,0,0,0,0,0,219.703,0,0,0,1546678953472560003
rocksdb,ycsb-c,2000000,200000,1000,100,0,678.237,0,200000,0,0,0,0.00337272,0.005708,0,0,0,0,0,230.75,0,0,0,1546678953472560003
rocksdb,ycsb-c,2000000,200000,1000,100,0,701.656,0,200000,0,0,0,0.00348974,0.005958,0,0,0,0,0,227.641,0,0,0,1546678953472560003
rocksdb,ycsb-c,2000000,200000,1000,100,0,676.42,0,200000,0,0,0,0.00336369,0.006084,0,0,0,0,0,227.281,0,0,0,1546678953472560003
lmdb,ycsb-c,2000000,200000,1000,100,0,456.717,0,200000,0,0,0,0.00226376,0.005167,0,0,0,0,0,2259.55,0,0,0,1546678953472560003
lmdb,ycsb-c,2000000,200000,1000,100,0,368.757,0,200000,0,0,0,0.00182494,0.00275,0,0,0,0,0,2259.44,0,0,0,1546678953472560003
lmdb,ycsb-c,2000000,200000,1000,100,0,458.14,0,200000,0,0,0,0.00227024,0.005584,0,0,0,0,0,2259.48,0,0,0,1546678953472560003
lmdb,ycsb-c,2000000,200000,1000,100,0,424.418,0,200000,0,0,0,0.00210092,0.004167,0,0,0,0,0,2259.58,0,0,0,1546678953472560003
lmdb,ycsb-c,2000000,200000,1000,100,0,374.585,0,200000,0,0,0,0.00185407,0.003,0,0,0,0,0,2259.34,0,0,0,1546678953472560003
aha,ycsb-c,2000000,200000,1000,100,0,693.5,0,200000,0,0,0,0.00344883,0.006125,0,0,0,0,0,231.875,0,0,0,1546678953472560003
aha,ycsb-c,2000000,200000,1000,100,0,710.743,0,200000,0,0,0,0.00353501,0.005917,0,0,0,0,0,228.797,0,0,0,1546678953472560003
aha,ycsb-c,2000000,200000,1000,100,0,700.778,0,200000,0,0,0,0.00348534,0.006667,0,0,0,0,0,227.547,0,0,0,1546678953472560003
aha,ycsb-c,2000000,200000,1000,100,0,730.991,0,200000,0,0,0,0.00363583,0.006459,0,0,0,0,0,230.938,0,0,0,1546678953472560003
aha,ycsb-c,2000000,200000,1000,100,0,698.46,0,200000,0,0,0,0.00347365,0.006584,0,0,0,0,0,230.453,0,0,0,1546678953472560003
static_hybrid,ycsb-c,2000000,200000,1000,100,0,407.438,0,200000,0,0,0,0.00201805,0.003166,0,0,0,0,0,2485.2,0,0,0,1546678953472560003
static_hybrid,ycsb-c,2000000,200000,1000,100,0,370.234,0,200000,0,0,0,0.00183375,0.002875,0,0,0,0,0,2485.31,0,0,0,1546678953472560003
static_hybrid,ycsb-c,2000000,200000,1000,100,0,363.219,0,200000,0,0,0,0.00179876,0.00275,0,0,0,0,0,2483.69,0,0,0,1546678953472560003
static_hybrid,ycsb-c,2000000,200000,1000,100,0,405.532,0,200000,0,0,0,0.00200854,0.003166,0,0,0,0,0,2482.69,0,0,0,1546678953472560003
static_hybrid,ycsb-c,2000000,200000,1000,100,0,426.936,0,200000,0,0,0,0.00211729,0.005291,0,0,0,0,0,2484.48,0,0,0,1546678953472560003
ahse,ycsb-c,2000000,200000,1000,100,0,724.094,0,200000,0,0,0,0.00360161,0.006125,0,0,0,0,0,232.266,0,0,0,1546678953472560003
ahse,ycsb-c,2000000,200000,1000,100,0,759.131,0,200000,0,0,0,0.00377603,0.006125,0,0,0,0,0,226.734,0,0,0,1546678953472560003
ahse,ycsb-c,2000000,200000,1000,100,0,688.855,0,200000,0,0,0,0.00342551,0.006459,0,0,0,0,0,231.891,0,0,0,1546678953472560003
ahse,ycsb-c,2000000,200000,1000,100,0,715.856,0,200000,0,0,0,0.00356045,0.006625,0,0,0,0,0,228.531,0,0,0,1546678953472560003
ahse,ycsb-c,2000000,200000,1000,100,0,727.916,0,200000,0,0,0,0.00362047,0.00625,0,0,0,0,0,232.953,0,0,0,1546678953472560003
rocksdb,ycsb-d,2000000,200000,1000,100,0,718.638,9999,190001,0,0.00326004,0.010208,0.00359106,0.006916,0,0,0,0,0,236.875,0,0,0,5857643213450984291
rocksdb,ycsb-d,2000000,200000,1000,100,0,717.375,9999,190001,0,0.00397165,0.010333,0.00354695,0.006334,0,0,0,0,0,232.812,0,0,0,5857643213450984291
rocksdb,ycsb-d,2000000,200000,1000,100,0,771.955,9999,190001,0,0.00486435,0.015875,0.00378667,0.006541,0,0,0,0,0,235.984,0,0,0,5857643213450984291
rocksdb,ycsb-d,2000000,200000,1000,100,0,705.407,9999,190001,0,0.00321384,0.009791,0.00352415,0.006333,0,0,0,0,0,239.688,0,0,0,5857643213450984291
rocksdb,ycsb-d,2000000,200000,1000,100,0,724.801,9999,190001,0,0.00348952,0.011583,0.00361132,0.006542,0,0,0,0,0,241.156,0,0,0,5857643213450984291
lmdb,ycsb-d,2000000,200000,1000,100,0,450.419,9999,190001,0,0.00933971,0.01675,0.00185979,0.002833,0,0,0,0,0,2280.02,0,0,0,5857643213450984291
lmdb,ycsb-d,2000000,200000,1000,100,0,514.472,9999,190001,0,0.00960115,0.02,0.00218224,0.004334,0,0,0,0,0,2279.78,0,0,0,5857643213450984291
lmdb,ycsb-d,2000000,200000,1000,100,0,1110.6,9999,190001,0,0.0699014,0.024208,0.00214672,0.005416,0,0,0,0,0,2280,0,0,0,5857643213450984291
lmdb,ycsb-d,2000000,200000,1000,100,0,454.756,9999,190001,0,0.00862253,0.023583,0.00191962,0.003,0,0,0,0,0,2279.75,0,0,0,5857643213450984291
lmdb,ycsb-d,2000000,200000,1000,100,0,516.968,9999,190001,0,0.00920396,0.019959,0.00221643,0.004959,0,0,0,0,0,2279.33,0,0,0,5857643213450984291
aha,ycsb-d,2000000,200000,1000,100,0,775.973,9999,190001,0,0.003741,0.012375,0.00386703,0.006625,0,0,0,0,0,241.266,0,0,0,5857643213450984291
aha,ycsb-d,2000000,200000,1000,100,0,713.595,9999,190001,0,0.00396958,0.01,0.00352742,0.006333,0,0,0,0,0,236.438,0,0,0,5857643213450984291
aha,ycsb-d,2000000,200000,1000,100,0,715.988,9999,190001,0,0.003283,0.010541,0.00357598,0.006667,0,0,0,0,0,232.234,0,0,0,5857643213450984291
aha,ycsb-d,2000000,200000,1000,100,0,757.749,9999,190001,0,0.00349965,0.01125,0.0037838,0.006292,0,0,0,0,0,238.547,0,0,0,5857643213450984291
aha,ycsb-d,2000000,200000,1000,100,0,710.682,9999,190001,0,0.00385251,0.009667,0.00351812,0.006208,0,0,0,0,0,241.703,0,0,0,5857643213450984291
static_hybrid,ycsb-d,2000000,200000,1000,100,0,533.135,9999,190001,0,0.0158663,0.02575,0.00195211,0.003083,0,0,0,0,0,2490.03,0,0,0,5857643213450984291
static_hybrid,ycsb-d,2000000,200000,1000,100,0,542.96,9999,190001,0,0.0167126,0.027916,0.00195934,0.003125,0,0,0,0,0,2494.95,0,0,0,5857643213450984291
static_hybrid,ycsb-d,2000000,200000,1000,100,0,781.044,9999,190001,0,0.0285307,0.103667,0.00258904,0.00575,0,0,0,0,0,2490.81,0,0,0,5857643213450984291
static_hybrid,ycsb-d,2000000,200000,1000,100,0,530.472,9999,190001,0,0.0157146,0.025417,0.00194627,0.003042,0,0,0,0,0,2493.59,0,0,0,5857643213450984291
static_hybrid,ycsb-d,2000000,200000,1000,100,0,542.918,9999,190001,0,0.0167829,0.026083,0.00195552,0.003041,0,0,0,0,0,2494.25,0,0,0,5857643213450984291
ahse,ycsb-d,2000000,200000,1000,100,0,771.95,9999,190001,0,0.00467488,0.015667,0.00379707,0.006417,0,0,0,0,0,236.875,0,0,0,5857643213450984291
ahse,ycsb-d,2000000,200000,1000,100,0,716.774,9999,190001,0,0.00329449,0.009,0.00357955,0.00525,0,0,0,0,0,233.156,0,0,0,5857643213450984291
ahse,ycsb-d,2000000,200000,1000,100,0,717.057,9999,190001,0,0.00339859,0.009625,0.00357564,0.00525,0,0,0,0,0,229.906,0,0,0,5857643213450984291
ahse,ycsb-d,2000000,200000,1000,100,0,746.314,9999,190001,0,0.00448894,0.014166,0.00367158,0.006458,0,0,0,0,0,220.297,0,0,0,5857643213450984291
ahse,ycsb-d,2000000,200000,1000,100,0,722.259,9999,190001,0,0.00366935,0.011875,0.00358847,0.006083,0,0,0,0,0,240.141,0,0,0,5857643213450984291
rocksdb,ycsb-e,2000000,200000,1000,100,0,14956.6,10135,0,189865,0.0118923,0.030041,0,0,0.0781187,0.077417,0.142291,0.159333,0.220875,240.125,0,0,0,12269211811819630787
rocksdb,ycsb-e,2000000,200000,1000,100,0,14821.7,10135,0,189865,0.0121268,0.032416,0,0,0.077395,0.076708,0.140792,0.157292,0.213333,240.844,0,0,0,12269211811819630787
rocksdb,ycsb-e,2000000,200000,1000,100,0,14813,10135,0,189865,0.0108863,0.033125,0,0,0.0774155,0.076792,0.140625,0.15725,0.216459,241.281,0,0,0,12269211811819630787
rocksdb,ycsb-e,2000000,200000,1000,100,0,14921.9,10135,0,189865,0.0130793,0.033333,0,0,0.0778725,0.077208,0.1415,0.158208,0.213209,232.938,0,0,0,12269211811819630787
rocksdb,ycsb-e,2000000,200000,1000,100,0,15146,10135,0,189865,0.0137241,0.034167,0,0,0.0790174,0.078334,0.143833,0.162042,0.226625,236.203,0,0,0,12269211811819630787
lmdb,ycsb-e,2000000,200000,1000,100,0,11155.9,10135,0,189865,0.08765,0.043417,0,0,0.0540562,0.053458,0.100792,0.114458,0.179959,2280.88,0,0,0,12269211811819630787
lmdb,ycsb-e,2000000,200000,1000,100,0,10823.3,10135,0,189865,0.076697,0.046167,0,0,0.0528894,0.05225,0.097792,0.112791,0.172167,2280.86,0,0,0,12269211811819630787
lmdb,ycsb-e,2000000,200000,1000,100,0,11053.8,10135,0,189865,0.0901259,0.045375,0,0,0.0533871,0.05275,0.09925,0.113125,0.172209,2280.83,0,0,0,12269211811819630787
lmdb,ycsb-e,2000000,200000,1000,100,0,10967.3,10135,0,189865,0.0672335,0.042792,0,0,0.0541526,0.053542,0.101542,0.114959,0.157625,2280.89,0,0,0,12269211811819630787
lmdb,ycsb-e,2000000,200000,1000,100,0,10885.6,10135,0,189865,0.0855605,0.041875,0,0,0.0527443,0.052167,0.097416,0.112625,0.164875,2280.83,0,0,0,12269211811819630787
aha,ycsb-e,2000000,200000,1000,100,0,14822.6,10135,0,189865,0.0109072,0.030041,0,0,0.0774654,0.076834,0.141042,0.158208,0.208042,237.625,0,0,0,12269211811819630787
aha,ycsb-e,2000000,200000,1000,100,0,15009.2,10135,0,189865,0.0127133,0.035375,0,0,0.0783507,0.0775,0.142667,0.161709,0.225042,241.578,0,0,0,12269211811819630787
aha,ycsb-e,2000000,200000,1000,100,0,14921.9,10135,0,189865,0.0118217,0.03325,0,0,0.0779387,0.077208,0.141667,0.158667,0.2205,236.734,0,0,0,12269211811819630787
aha,ycsb-e,2000000,200000,1000,100,0,14877,10135,0,189865,0.00969796,0.032625,0,0,0.0778165,0.077209,0.141167,0.156416,0.214458,236.609,0,0,0,12269211811819630787
aha,ycsb-e,2000000,200000,1000,100,0,15371.6,10135,0,189865,0.010151,0.023542,0,0,0.0803966,0.080167,0.146042,0.154167,0.173167,240,0,0,0,12269211811819630787
static_hybrid,ycsb-e,2000000,200000,1000,100,0,11036,10135,0,189865,0.0236942,0.055291,0,0,0.0568398,0.056625,0.105958,0.111042,0.12375,2490.97,0,0,0,12269211811819630787
static_hybrid,ycsb-e,2000000,200000,1000,100,0,9873.68,10135,0,189865,0.0194191,0.029,0,0,0.0509484,0.050666,0.094417,0.103583,0.1165,2495.62,0,0,0,12269211811819630787
static_hybrid,ycsb-e,2000000,200000,1000,100,0,9885.56,10135,0,189865,0.0221315,0.068917,0,0,0.0508663,0.050583,0.094167,0.104208,0.117333,2494.8,0,0,0,12269211811819630787
static_hybrid,ycsb-e,2000000,200000,1000,100,0,9899.81,10135,0,189865,0.0262001,0.06975,0,0,0.0507243,0.0505,0.093916,0.102334,0.114791,2496.88,0,0,0,12269211811819630787
static_hybrid,ycsb-e,2000000,200000,1000,100,0,10184.5,10135,0,189865,0.0329313,0.062625,0,0,0.0518641,0.0515,0.095833,0.108542,0.126334,2493.91,0,0,0,12269211811819630787
ahse,ycsb-e,2000000,200000,1000,100,0,11125.4,10135,0,189865,0.0339776,0.188666,0,0,0.0567634,0.055,0.114,0.143125,0.157208,1912.95,2001254,1252.26,19,12269211811819630787
ahse,ycsb-e,2000000,200000,1000,100,0,10938.7,10135,0,189865,0.0325896,0.16325,0,0,0.0558548,0.054208,0.110834,0.141375,0.156917,1923.09,2001105,1232.48,19,12269211811819630787
ahse,ycsb-e,2000000,200000,1000,100,0,11587.6,10135,0,189865,0.0784402,0.173375,0,0,0.0568244,0.055125,0.113209,0.142375,0.15975,1920.78,2001212,1263.67,20,12269211811819630787
ahse,ycsb-e,2000000,200000,1000,100,0,11092.3,10135,0,189865,0.0323298,0.128375,0,0,0.0566773,0.054875,0.113417,0.144834,0.17075,1910.05,2001283,1315.39,19,12269211811819630787
ahse,ycsb-e,2000000,200000,1000,100,0,11731.2,10135,0,189865,0.0941906,0.175375,0,0,0.0567402,0.054959,0.113084,0.143333,0.160292,1865.05,2001152,1244.6,20,12269211811819630787
rocksdb,ycsb-b,3000000,200000,1000,100,0,727.324,10041,189959,0,0.00426675,0.008375,0.00358432,0.005792,0,0,0,0,0,255.047,0,0,0,9211550097590473635
rocksdb,ycsb-b,3000000,200000,1000,100,0,698.899,10041,189959,0,0.00395231,0.007959,0.00345113,0.004625,0,0,0,0,0,255.531,0,0,0,9211550097590473635
rocksdb,ycsb-b,3000000,200000,1000,100,0,697.722,10041,189959,0,0.00383043,0.007709,0.00345144,0.004666,0,0,0,0,0,259.234,0,0,0,9211550097590473635
rocksdb,ycsb-b,3000000,200000,1000,100,0,692.079,10041,189959,0,0.00326125,0.00775,0.00345192,0.004625,0,0,0,0,0,255.203,0,0,0,9211550097590473635
rocksdb,ycsb-b,3000000,200000,1000,100,0,693.526,10041,189959,0,0.00335156,0.007958,0.00345476,0.004667,0,0,0,0,0,255.172,0,0,0,9211550097590473635
lmdb,ycsb-b,3000000,200000,1000,100,0,474.896,10041,189959,0,0.0106665,0.024791,0.00191744,0.003291,0,0,0,0,0,3394.92,0,0,0,9211550097590473635
lmdb,ycsb-b,3000000,200000,1000,100,0,611.15,10041,189959,0,0.0133363,0.029292,0.00249169,0.005625,0,0,0,0,0,3394.81,0,0,0,9211550097590473635
lmdb,ycsb-b,3000000,200000,1000,100,0,570.364,10041,189959,0,0.0120597,0.02175,0.00234463,0.005416,0,0,0,0,0,3394.78,0,0,0,9211550097590473635
lmdb,ycsb-b,3000000,200000,1000,100,0,567.502,10041,189959,0,0.0119896,0.021792,0.00233342,0.005417,0,0,0,0,0,3394.94,0,0,0,9211550097590473635
lmdb,ycsb-b,3000000,200000,1000,100,0,448.699,10041,189959,0,0.00988385,0.014958,0.00181983,0.002667,0,0,0,0,0,3394.78,0,0,0,9211550097590473635
aha,ycsb-b,3000000,200000,1000,100,0,841.878,10041,189959,0,0.00506441,0.01425,0.00414429,0.007125,0,0,0,0,0,254.781,0,0,0,9211550097590473635
aha,ycsb-b,3000000,200000,1000,100,0,827.234,10041,189959,0,0.00436601,0.014166,0.00410397,0.007459,0,0,0,0,0,253.516,0,0,0,9211550097590473635
aha,ycsb-b,3000000,200000,1000,100,0,765.957,10041,189959,0,0.00368956,0.010709,0.00381773,0.006542,0,0,0,0,0,253.266,0,0,0,9211550097590473635
aha,ycsb-b,3000000,200000,1000,100,0,760.083,10041,189959,0,0.00463399,0.008708,0.00373696,0.006458,0,0,0,0,0,252.469,0,0,0,9211550097590473635
aha,ycsb-b,3000000,200000,1000,100,0,811.61,10041,189959,0,0.00410513,0.0115,0.00403564,0.007125,0,0,0,0,0,252.594,0,0,0,9211550097590473635
static_hybrid,ycsb-b,3000000,200000,1000,100,0,648.708,10041,189959,0,0.0248733,0.047458,0.00208135,0.004458,0,0,0,0,0,3627.23,0,0,0,9211550097590473635
static_hybrid,ycsb-b,3000000,200000,1000,100,0,646.051,10041,189959,0,0.0251415,0.102292,0.0020533,0.003583,0,0,0,0,0,3621.8,0,0,0,9211550097590473635
static_hybrid,ycsb-b,3000000,200000,1000,100,0,662.168,10041,189959,0,0.0254856,0.060709,0.00211937,0.003417,0,0,0,0,0,3632.06,0,0,0,9211550097590473635
static_hybrid,ycsb-b,3000000,200000,1000,100,0,636.678,10041,189959,0,0.023199,0.043042,0.00210615,0.003375,0,0,0,0,0,3625.42,0,0,0,9211550097590473635
static_hybrid,ycsb-b,3000000,200000,1000,100,0,668.406,10041,189959,0,0.024585,0.054209,0.00219874,0.003875,0,0,0,0,0,3628.14,0,0,0,9211550097590473635
ahse,ycsb-b,3000000,200000,1000,100,0,811.109,10041,189959,0,0.00414781,0.01025,0.00403083,0.006666,0,0,0,0,0,252.828,0,0,0,9211550097590473635
ahse,ycsb-b,3000000,200000,1000,100,0,857.903,10041,189959,0,0.00489877,0.012667,0.00423703,0.007542,0,0,0,0,0,253.906,0,0,0,9211550097590473635
ahse,ycsb-b,3000000,200000,1000,100,0,810.561,10041,189959,0,0.00419207,0.010875,0.00402568,0.006875,0,0,0,0,0,244.719,0,0,0,9211550097590473635
ahse,ycsb-b,3000000,200000,1000,100,0,803.761,10041,189959,0,0.00371139,0.011167,0.00401532,0.007416,0,0,0,0,0,261.594,0,0,0,9211550097590473635
ahse,ycsb-b,3000000,200000,1000,100,0,798.778,10041,189959,0,0.00486604,0.010709,0.00392794,0.006542,0,0,0,0,0,253.75,0,0,0,9211550097590473635
rocksdb,ycsb-c,3000000,200000,1000,100,0,709.566,0,200000,0,0,0,0.00352908,0.006333,0,0,0,0,0,247.484,0,0,0,1546678953472560003
rocksdb,ycsb-c,3000000,200000,1000,100,0,747.691,0,200000,0,0,0,0.00371951,0.006667,0,0,0,0,0,234.516,0,0,0,1546678953472560003
rocksdb,ycsb-c,3000000,200000,1000,100,0,709.162,0,200000,0,0,0,0.00352688,0.005667,0,0,0,0,0,239.031,0,0,0,1546678953472560003
rocksdb,ycsb-c,3000000,200000,1000,100,0,749.234,0,200000,0,0,0,0.00372628,0.006875,0,0,0,0,0,242.516,0,0,0,1546678953472560003
rocksdb,ycsb-c,3000000,200000,1000,100,0,747.984,0,200000,0,0,0,0.00372072,0.006459,0,0,0,0,0,238.125,0,0,0,1546678953472560003
lmdb,ycsb-c,3000000,200000,1000,100,0,495.43,0,200000,0,0,0,0.00245685,0.00525,0,0,0,0,0,3384.95,0,0,0,1546678953472560003
lmdb,ycsb-c,3000000,200000,1000,100,0,405.95,0,200000,0,0,0,0.00200932,0.003417,0,0,0,0,0,3385.03,0,0,0,1546678953472560003
lmdb,ycsb-c,3000000,200000,1000,100,0,419.323,0,200000,0,0,0,0.00207628,0.003458,0,0,0,0,0,3385.05,0,0,0,1546678953472560003
lmdb,ycsb-c,3000000,200000,1000,100,0,390.846,0,200000,0,0,0,0.00193601,0.003542,0,0,0,0,0,3385.05,0,0,0,1546678953472560003
lmdb,ycsb-c,3000000,200000,1000,100,0,452.218,0,200000,0,0,0,0.00224073,0.004667,0,0,0,0,0,3385,0,0,0,1546678953472560003
aha,ycsb-c,3000000,200000,1000,100,0,780.481,0,200000,0,0,0,0.00388282,0.008667,0,0,0,0,0,197.938,0,0,0,1546678953472560003
aha,ycsb-c,3000000,200000,1000,100,0,792.053,0,200000,0,0,0,0.00394022,0.01125,0,0,0,0,0,203.109,0,0,0,1546678953472560003
aha,ycsb-c,3000000,200000,1000,100,0,723.433,0,200000,0,0,0,0.00359813,0.006791,0,0,0,0,0,217.219,0,0,0,1546678953472560003
aha,ycsb-c,3000000,200000,1000,100,0,740.52,0,200000,0,0,0,0.00368321,0.007584,0,0,0,0,0,243,0,0,0,1546678953472560003
aha,ycsb-c,3000000,200000,1000,100,0,764.804,0,200000,0,0,0,0.00380508,0.007083,0,0,0,0,0,249.016,0,0,0,1546678953472560003
static_hybrid,ycsb-c,3000000,200000,1000,100,0,388.377,0,200000,0,0,0,0.00192435,0.004791,0,0,0,0,0,3614.19,0,0,0,1546678953472560003
static_hybrid,ycsb-c,3000000,200000,1000,100,0,389.353,0,200000,0,0,0,0.00192896,0.004916,0,0,0,0,0,3618.2,0,0,0,1546678953472560003
static_hybrid,ycsb-c,3000000,200000,1000,100,0,388.025,0,200000,0,0,0,0.00192246,0.003375,0,0,0,0,0,3614.48,0,0,0,1546678953472560003
static_hybrid,ycsb-c,3000000,200000,1000,100,0,370.679,0,200000,0,0,0,0.00183609,0.00275,0,0,0,0,0,3621.72,0,0,0,1546678953472560003
static_hybrid,ycsb-c,3000000,200000,1000,100,0,372.164,0,200000,0,0,0,0.00184357,0.002709,0,0,0,0,0,3618.95,0,0,0,1546678953472560003
ahse,ycsb-c,3000000,200000,1000,100,0,750.851,0,200000,0,0,0,0.00373522,0.006791,0,0,0,0,0,243.219,0,0,0,1546678953472560003
ahse,ycsb-c,3000000,200000,1000,100,0,703.875,0,200000,0,0,0,0.00350055,0.005916,0,0,0,0,0,243.562,0,0,0,1546678953472560003
ahse,ycsb-c,3000000,200000,1000,100,0,694.578,0,200000,0,0,0,0.00345418,0.005333,0,0,0,0,0,239.625,0,0,0,1546678953472560003
ahse,ycsb-c,3000000,200000,1000,100,0,702.336,0,200000,0,0,0,0.00349307,0.006459,0,0,0,0,0,243.781,0,0,0,1546678953472560003
ahse,ycsb-c,3000000,200000,1000,100,0,723.474,0,200000,0,0,0,0.00359858,0.006625,0,0,0,0,0,243.094,0,0,0,1546678953472560003
rocksdb,ycsb-d,3000000,200000,1000,100,0,784.404,10041,189959,0,0.00499831,0.017375,0.00384514,0.006792,0,0,0,0,0,252.172,0,0,0,9211550097590473635
rocksdb,ycsb-d,3000000,200000,1000,100,0,746.704,10041,189959,0,0.00465474,0.011167,0.00366478,0.006375,0,0,0,0,0,256.438,0,0,0,9211550097590473635
rocksdb,ycsb-d,3000000,200000,1000,100,0,742.324,10041,189959,0,0.00343568,0.012167,0.00370645,0.007916,0,0,0,0,0,252.359,0,0,0,9211550097590473635
rocksdb,ycsb-d,3000000,200000,1000,100,0,733.14,10041,189959,0,0.00396633,0.010042,0.00362986,0.006917,0,0,0,0,0,252.406,0,0,0,9211550097590473635
rocksdb,ycsb-d,3000000,200000,1000,100,0,765.414,10041,189959,0,0.00366854,0.012458,0.00381539,0.007,0,0,0,0,0,256.766,0,0,0,9211550097590473635
lmdb,ycsb-d,3000000,200000,1000,100,0,494.975,10041,189959,0,0.00842668,0.01725,0.00214018,0.005333,0,0,0,0,0,3405.66,0,0,0,9211550097590473635
lmdb,ycsb-d,3000000,200000,1000,100,0,511.107,10041,189959,0,0.00915366,0.017958,0.00218695,0.004333,0,0,0,0,0,3404.88,0,0,0,9211550097590473635
lmdb,ycsb-d,3000000,200000,1000,100,0,550.669,10041,189959,0,0.00916026,0.021791,0.00239405,0.005167,0,0,0,0,0,3405.14,0,0,0,9211550097590473635
lmdb,ycsb-d,3000000,200000,1000,100,0,520.192,10041,189959,0,0.00853785,0.017334,0.00226704,0.004667,0,0,0,0,0,3405.5,0,0,0,9211550097590473635
lmdb,ycsb-d,3000000,200000,1000,100,0,523.329,10041,189959,0,0.00878143,0.017125,0.00227083,0.005333,0,0,0,0,0,3405.48,0,0,0,9211550097590473635
aha,ycsb-d,3000000,200000,1000,100,0,731.344,10041,189959,0,0.00335523,0.010416,0.00365269,0.006084,0,0,0,0,0,257.391,0,0,0,9211550097590473635
aha,ycsb-d,3000000,200000,1000,100,0,749.196,10041,189959,0,0.0041019,0.010209,0.00370737,0.007208,0,0,0,0,0,256.625,0,0,0,9211550097590473635
aha,ycsb-d,3000000,200000,1000,100,0,767.404,10041,189959,0,0.00386066,0.015167,0.00381555,0.007041,0,0,0,0,0,252.953,0,0,0,9211550097590473635
aha,ycsb-d,3000000,200000,1000,100,0,742.019,10041,189959,0,0.00343405,0.009625,0.00370445,0.006791,0,0,0,0,0,256.734,0,0,0,9211550097590473635
aha,ycsb-d,3000000,200000,1000,100,0,725.173,10041,189959,0,0.00330565,0.0105,0.00362286,0.00625,0,0,0,0,0,257,0,0,0,9211550097590473635
static_hybrid,ycsb-d,3000000,200000,1000,100,0,585.272,10041,189959,0,0.0169548,0.026208,0.00216587,0.003875,0,0,0,0,0,3627.88,0,0,0,9211550097590473635
static_hybrid,ycsb-d,3000000,200000,1000,100,0,589.505,10041,189959,0,0.0178743,0.036542,0.00213838,0.003458,0,0,0,0,0,3631.95,0,0,0,9211550097590473635
static_hybrid,ycsb-d,3000000,200000,1000,100,0,546.259,10041,189959,0,0.015894,0.026291,0.0020164,0.003125,0,0,0,0,0,3627.31,0,0,0,9211550097590473635
static_hybrid,ycsb-d,3000000,200000,1000,100,0,666.421,10041,189959,0,0.0200049,0.048833,0.00243184,0.005084,0,0,0,0,0,3631.14,0,0,0,9211550097590473635
static_hybrid,ycsb-d,3000000,200000,1000,100,0,541.795,10041,189959,0,0.0157267,0.02725,0.00200178,0.003125,0,0,0,0,0,3626.58,0,0,0,9211550097590473635
ahse,ycsb-d,3000000,200000,1000,100,0,737.82,10041,189959,0,0.00415312,0.011709,0.00364468,0.007166,0,0,0,0,0,253.641,0,0,0,9211550097590473635
ahse,ycsb-d,3000000,200000,1000,100,0,735.306,10041,189959,0,0.00352808,0.011125,0.00366424,0.006416,0,0,0,0,0,255.891,0,0,0,9211550097590473635
ahse,ycsb-d,3000000,200000,1000,100,0,714.01,10041,189959,0,0.00323137,0.009416,0.00356819,0.005958,0,0,0,0,0,237.406,0,0,0,9211550097590473635
ahse,ycsb-d,3000000,200000,1000,100,0,706.345,10041,189959,0,0.00318633,0.009125,0.0035302,0.005917,0,0,0,0,0,257.078,0,0,0,9211550097590473635
ahse,ycsb-d,3000000,200000,1000,100,0,756.288,10041,189959,0,0.00370868,0.011875,0.00376496,0.006834,0,0,0,0,0,252.625,0,0,0,9211550097590473635
rocksdb,ycsb-e,3000000,200000,1000,100,0,15260.6,9999,0,190001,0.0131306,0.031042,0,0,0.0796056,0.078834,0.144708,0.162709,0.211417,251.953,0,0,0,15009858765809373859
rocksdb,ycsb-e,3000000,200000,1000,100,0,14909.1,9999,0,190001,0.0108345,0.028083,0,0,0.0778766,0.077291,0.1415,0.155916,0.19925,253.406,0,0,0,15009858765809373859
rocksdb,ycsb-e,3000000,200000,1000,100,0,14909.3,9999,0,190001,0.01139,0.029875,0,0,0.0778483,0.077167,0.1415,0.156875,0.204208,252.422,0,0,0,15009858765809373859
rocksdb,ycsb-e,3000000,200000,1000,100,0,14909.2,9999,0,190001,0.0116307,0.030625,0,0,0.0778348,0.077167,0.141542,0.158667,0.208583,256.016,0,0,0,15009858765809373859
rocksdb,ycsb-e,3000000,200000,1000,100,0,14949.7,9999,0,190001,0.0110051,0.030834,0,0,0.078081,0.077334,0.142084,0.159334,0.208167,257.422,0,0,0,15009858765809373859
lmdb,ycsb-e,3000000,200000,1000,100,0,12651.6,9999,0,190001,0.135613,0.084625,0,0,0.0594239,0.057416,0.108833,0.155583,0.2625,3406,0,0,0,15009858765809373859
lmdb,ycsb-e,3000000,200000,1000,100,0,10602.7,9999,0,190001,0.0142064,0.037625,0,0,0.055033,0.054458,0.102708,0.114583,0.158542,3406.08,0,0,0,15009858765809373859
lmdb,ycsb-e,3000000,200000,1000,100,0,10461.5,9999,0,190001,0.0129914,0.038541,0,0,0.0543536,0.05375,0.101542,0.114083,0.149041,3406.06,0,0,0,15009858765809373859
lmdb,ycsb-e,3000000,200000,1000,100,0,10391.8,9999,0,190001,0.0138175,0.0415,0,0,0.0539437,0.053292,0.100583,0.114041,0.150417,3406.08,0,0,0,15009858765809373859
lmdb,ycsb-e,3000000,200000,1000,100,0,11567.1,9999,0,190001,0.12022,0.042291,0,0,0.0545298,0.053875,0.102208,0.115333,0.155375,3406.02,0,0,0,15009858765809373859
aha,ycsb-e,3000000,200000,1000,100,0,15186.5,9999,0,190001,0.011685,0.0315,0,0,0.0792917,0.078542,0.144292,0.161417,0.205458,248.625,0,0,0,15009858765809373859
aha,ycsb-e,3000000,200000,1000,100,0,15121.3,9999,0,190001,0.0112695,0.031041,0,0,0.0789701,0.078208,0.143625,0.161,0.217334,253.078,0,0,0,15009858765809373859
aha,ycsb-e,3000000,200000,1000,100,0,15056,9999,0,190001,0.0116952,0.030458,0,0,0.0786048,0.078,0.142834,0.158917,0.207458,253.25,0,0,0,15009858765809373859
aha,ycsb-e,3000000,200000,1000,100,0,15064,9999,0,190001,0.0107901,0.031334,0,0,0.0786932,0.077958,0.143166,0.160542,0.209625,254.344,0,0,0,15009858765809373859
aha,ycsb-e,3000000,200000,1000,100,0,15131,9999,0,190001,0.0129612,0.03225,0,0,0.078932,0.078166,0.143584,0.162125,0.220833,253.703,0,0,0,15009858765809373859
static_hybrid,ycsb-e,3000000,200000,1000,100,0,10774.3,9999,0,190001,0.0320664,0.083375,0,0,0.0549983,0.053917,0.102292,0.114292,0.181167,3624.12,0,0,0,15009858765809373859
static_hybrid,ycsb-e,3000000,200000,1000,100,0,10558.7,9999,0,190001,0.0259227,0.066792,0,0,0.054187,0.053583,0.101209,0.113208,0.155042,3632.09,0,0,0,15009858765809373859
static_hybrid,ycsb-e,3000000,200000,1000,100,0,10298.3,9999,0,190001,0.0248952,0.075667,0,0,0.0528713,0.052292,0.097916,0.110875,0.135708,3627.83,0,0,0,15009858765809373859
static_hybrid,ycsb-e,3000000,200000,1000,100,0,10386.6,9999,0,190001,0.0263135,0.061709,0,0,0.0532614,0.05275,0.099166,0.111583,0.132041,3628.52,0,0,0,15009858765809373859
static_hybrid,ycsb-e,3000000,200000,1000,100,0,10373.6,9999,0,190001,0.0264618,0.076042,0,0,0.0531855,0.052583,0.098458,0.1125,0.150792,3628.25,0,0,0,15009858765809373859
ahse,ycsb-e,3000000,200000,1000,100,0,12421,9999,0,190001,0.0649763,2.56954,0,0,0.0619339,0.059,0.130291,0.163542,0.199458,2314.17,3001156,2155.19,22,15009858765809373859
ahse,ycsb-e,3000000,200000,1000,100,0,12156.6,9999,0,190001,0.0646261,2.74192,0,0,0.0605606,0.058125,0.124667,0.155917,0.193792,2316.56,3001151,2069.12,21,15009858765809373859
ahse,ycsb-e,3000000,200000,1000,100,0,11879.2,9999,0,190001,0.0441782,1.60779,0,0,0.0601769,0.057875,0.123458,0.152417,0.18025,2334.25,3000948,1943.62,21,15009858765809373859
ahse,ycsb-e,3000000,200000,1000,100,0,13330.2,9999,0,190001,0.15356,1.68521,0,0,0.0620567,0.059334,0.128917,0.165125,0.213292,2330.72,3001001,2129.97,23,15009858765809373859
ahse,ycsb-e,3000000,200000,1000,100,0,12273.6,9999,0,190001,0.0498117,1.89837,0,0,0.0619558,0.059333,0.128209,0.160083,0.19875,2296.84,3001269,2129.08,21,15009858765809373859
rocksdb,ycsb-b,5000000,200000,1000,100,0,851.645,10079,189921,0,0.00402768,0.011459,0.00425042,0.006833,0,0,0,0,0,299.922,0,0,0,12279213079090862435
rocksdb,ycsb-b,5000000,200000,1000,100,0,787.465,10079,189921,0,0.00401747,0.008417,0.00391329,0.005917,0,0,0,0,0,299.516,0,0,0,12279213079090862435
rocksdb,ycsb-b,5000000,200000,1000,100,0,821.168,10079,189921,0,0.00439366,0.010042,0.00407061,0.006375,0,0,0,0,0,302.5,0,0,0,12279213079090862435
rocksdb,ycsb-b,5000000,200000,1000,100,0,775.486,10079,189921,0,0.00348547,0.008583,0.0038787,0.005959,0,0,0,0,0,299.938,0,0,0,12279213079090862435
rocksdb,ycsb-b,5000000,200000,1000,100,0,848.268,10079,189921,0,0.00459851,0.011,0.00420234,0.006584,0,0,0,0,0,303.734,0,0,0,12279213079090862435
lmdb,ycsb-b,5000000,200000,1000,100,0,541.884,10079,189921,0,0.0114082,0.018833,0.00222772,0.004083,0,0,0,0,0,5661.16,0,0,0,12279213079090862435
lmdb,ycsb-b,5000000,200000,1000,100,0,558.786,10079,189921,0,0.0114567,0.017375,0.00231423,0.00425,0,0,0,0,0,5661.16,0,0,0,12279213079090862435
lmdb,ycsb-b,5000000,200000,1000,100,0,602.774,10079,189921,0,0.0125341,0.019542,0.00248762,0.005042,0,0,0,0,0,5661.2,0,0,0,12279213079090862435
lmdb,ycsb-b,5000000,200000,1000,100,0,668.312,10079,189921,0,0.0145082,0.039125,0.00272734,0.006,0,0,0,0,0,5661.2,0,0,0,12279213079090862435
lmdb,ycsb-b,5000000,200000,1000,100,0,565.398,10079,189921,0,0.0118956,0.018375,0.00232492,0.00425,0,0,0,0,0,5661.08,0,0,0,12279213079090862435
aha,ycsb-b,5000000,200000,1000,100,0,799.286,10079,189921,0,0.00405717,0.008875,0.00397323,0.006208,0,0,0,0,0,305,0,0,0,12279213079090862435
aha,ycsb-b,5000000,200000,1000,100,0,816.673,10079,189921,0,0.00615063,0.008917,0.00395383,0.006125,0,0,0,0,0,306.625,0,0,0,12279213079090862435
aha,ycsb-b,5000000,200000,1000,100,0,811.076,10079,189921,0,0.00366572,0.009,0.0040561,0.00625,0,0,0,0,0,299.969,0,0,0,12279213079090862435
aha,ycsb-b,5000000,200000,1000,100,0,856.177,10079,189921,0,0.00393092,0.0115,0.00427933,0.006792,0,0,0,0,0,303.906,0,0,0,12279213079090862435
aha,ycsb-b,5000000,200000,1000,100,0,808.061,10079,189921,0,0.00488832,0.0105,0.00397548,0.007292,0,0,0,0,0,304.594,0,0,0,12279213079090862435
static_hybrid,ycsb-b,5000000,200000,1000,100,0,678.571,10079,189921,0,0.0222721,0.032333,0.00237236,0.004375,0,0,0,0,0,5912.67,0,0,0,12279213079090862435
static_hybrid,ycsb-b,5000000,200000,1000,100,0,626.125,10079,189921,0,0.0223248,0.035875,0.00209265,0.003209,0,0,0,0,0,5907.3,0,0,0,12279213079090862435
static_hybrid,ycsb-b,5000000,200000,1000,100,0,614.666,10079,189921,0,0.0220249,0.034125,0.00204886,0.003291,0,0,0,0,0,5909.38,0,0,0,12279213079090862435
static_hybrid,ycsb-b,5000000,200000,1000,100,0,599.51,10079,189921,0,0.0212269,0.031709,0.00201155,0.003083,0,0,0,0,0,5908.73,0,0,0,12279213079090862435
static_hybrid,ycsb-b,5000000,200000,1000,100,0,968.731,10079,189921,0,0.0501784,0.137584,0.00241827,0.006709,0,0,0,0,0,5907.27,0,0,0,12279213079090862435
ahse,ycsb-b,5000000,200000,1000,100,0,859.66,10079,189921,0,0.00427509,0.015209,0.00427944,0.008083,0,0,0,0,0,300.234,0,0,0,12279213079090862435
ahse,ycsb-b,5000000,200000,1000,100,0,869.535,10079,189921,0,0.00434561,0.017167,0.00432796,0.00825,0,0,0,0,0,297.719,0,0,0,12279213079090862435
ahse,ycsb-b,5000000,200000,1000,100,0,825.045,10079,189921,0,0.00472305,0.010458,0.00407379,0.007125,0,0,0,0,0,296.594,0,0,0,12279213079090862435
ahse,ycsb-b,5000000,200000,1000,100,0,791.348,10079,189921,0,0.0035612,0.009333,0.00395808,0.006708,0,0,0,0,0,304.594,0,0,0,12279213079090862435
ahse,ycsb-b,5000000,200000,1000,100,0,824.989,10079,189921,0,0.0045765,0.011416,0.0040812,0.006959,0,0,0,0,0,302.172,0,0,0,12279213079090862435
rocksdb,ycsb-c,5000000,200000,1000,100,0,740.56,0,200000,0,0,0,0.00368427,0.007042,0,0,0,0,0,289.828,0,0,0,1546678953472560003
rocksdb,ycsb-c,5000000,200000,1000,100,0,741.086,0,200000,0,0,0,0.0036866,0.006375,0,0,0,0,0,285.016,0,0,0,1546678953472560003
rocksdb,ycsb-c,5000000,200000,1000,100,0,722.136,0,200000,0,0,0,0.003592,0.005875,0,0,0,0,0,286.016,0,0,0,1546678953472560003
rocksdb,ycsb-c,5000000,200000,1000,100,0,727.627,0,200000,0,0,0,0.00361958,0.00625,0,0,0,0,0,287.156,0,0,0,1546678953472560003
rocksdb,ycsb-c,5000000,200000,1000,100,0,755.638,0,200000,0,0,0,0.00375929,0.00725,0,0,0,0,0,287.172,0,0,0,1546678953472560003
lmdb,ycsb-c,5000000,200000,1000,100,0,489.234,0,200000,0,0,0,0.00242691,0.005792,0,0,0,0,0,5651.25,0,0,0,1546678953472560003
lmdb,ycsb-c,5000000,200000,1000,100,0,536.919,0,200000,0,0,0,0.00266484,0.005375,0,0,0,0,0,5651.16,0,0,0,1546678953472560003
lmdb,ycsb-c,5000000,200000,1000,100,0,519.778,0,200000,0,0,0,0.00257921,0.005459,0,0,0,0,0,5651.25,0,0,0,1546678953472560003
lmdb,ycsb-c,5000000,200000,1000,100,0,582.514,0,200000,0,0,0,0.00289162,0.00675,0,0,0,0,0,5651.16,0,0,0,1546678953472560003
lmdb,ycsb-c,5000000,200000,1000,100,0,495.566,0,200000,0,0,0,0.00245805,0.005583,0,0,0,0,0,5651.23,0,0,0,1546678953472560003
aha,ycsb-c,5000000,200000,1000,100,0,730.177,0,200000,0,0,0,0.00363226,0.007,0,0,0,0,0,295.109,0,0,0,1546678953472560003
aha,ycsb-c,5000000,200000,1000,100,0,748.64,0,200000,0,0,0,0.00372431,0.00625,0,0,0,0,0,294.203,0,0,0,1546678953472560003
aha,ycsb-c,5000000,200000,1000,100,0,729.208,0,200000,0,0,0,0.00362715,0.006333,0,0,0,0,0,287.156,0,0,0,1546678953472560003
aha,ycsb-c,5000000,200000,1000,100,0,749.323,0,200000,0,0,0,0.00372798,0.006833,0,0,0,0,0,291.906,0,0,0,1546678953472560003
aha,ycsb-c,5000000,200000,1000,100,0,831.138,0,200000,0,0,0,0.00413585,0.01175,0,0,0,0,0,291.484,0,0,0,1546678953472560003
static_hybrid,ycsb-c,5000000,200000,1000,100,0,444.974,0,200000,0,0,0,0.00220578,0.005542,0,0,0,0,0,5901.39,0,0,0,1546678953472560003
static_hybrid,ycsb-c,5000000,200000,1000,100,0,407.158,0,200000,0,0,0,0.00201767,0.003041,0,0,0,0,0,5891.33,0,0,0,1546678953472560003
static_hybrid,ycsb-c,5000000,200000,1000,100,0,462.957,0,200000,0,0,0,0.00229627,0.004333,0,0,0,0,0,5891.44,0,0,0,1546678953472560003
static_hybrid,ycsb-c,5000000,200000,1000,100,0,399.632,0,200000,0,0,0,0.00198046,0.003,0,0,0,0,0,5890.62,0,0,0,1546678953472560003
static_hybrid,ycsb-c,5000000,200000,1000,100,0,393.761,0,200000,0,0,0,0.00194973,0.002917,0,0,0,0,0,5898.83,0,0,0,1546678953472560003
ahse,ycsb-c,5000000,200000,1000,100,0,753.717,0,200000,0,0,0,0.00374976,0.007167,0,0,0,0,0,292.25,0,0,0,1546678953472560003
ahse,ycsb-c,5000000,200000,1000,100,0,747.422,0,200000,0,0,0,0.00371814,0.007,0,0,0,0,0,290.781,0,0,0,1546678953472560003
ahse,ycsb-c,5000000,200000,1000,100,0,767.301,0,200000,0,0,0,0.00381742,0.007042,0,0,0,0,0,294.922,0,0,0,1546678953472560003
ahse,ycsb-c,5000000,200000,1000,100,0,755.549,0,200000,0,0,0,0.00375905,0.007041,0,0,0,0,0,291.844,0,0,0,1546678953472560003
ahse,ycsb-c,5000000,200000,1000,100,0,770.319,0,200000,0,0,0,0.00383255,0.00675,0,0,0,0,0,290.938,0,0,0,1546678953472560003
rocksdb,ycsb-d,5000000,200000,1000,100,0,781.585,10079,189921,0,0.0037032,0.011958,0.00389853,0.007167,0,0,0,0,0,301.609,0,0,0,12279213079090862435
rocksdb,ycsb-d,5000000,200000,1000,100,0,764.831,10079,189921,0,0.00413587,0.010083,0.00378767,0.006542,0,0,0,0,0,297,0,0,0,12279213079090862435
rocksdb,ycsb-d,5000000,200000,1000,100,0,773.702,10079,189921,0,0.00432025,0.011917,0.00382452,0.007,0,0,0,0,0,300.453,0,0,0,12279213079090862435
rocksdb,ycsb-d,5000000,200000,1000,100,0,801.524,10079,189921,0,0.00393281,0.018416,0.00399163,0.007375,0,0,0,0,0,300.375,0,0,0,12279213079090862435
rocksdb,ycsb-d,5000000,200000,1000,100,0,844.389,10079,189921,0,0.00570571,0.020625,0.00412234,0.006959,0,0,0,0,0,297.422,0,0,0,12279213079090862435
lmdb,ycsb-d,5000000,200000,1000,100,0,591.067,10079,189921,0,0.00968454,0.018166,0.00257791,0.005417,0,0,0,0,0,5671.88,0,0,0,12279213079090862435
lmdb,ycsb-d,5000000,200000,1000,100,0,599.551,10079,189921,0,0.00949214,0.019625,0.00263193,0.00625,0,0,0,0,0,5671.98,0,0,0,12279213079090862435
lmdb,ycsb-d,5000000,200000,1000,100,0,611.453,10079,189921,0,0.00978272,0.023,0.00267979,0.006958,0,0,0,0,0,5671.31,0,0,0,12279213079090862435
lmdb,ycsb-d,5000000,200000,1000,100,0,566.872,10079,189921,0,0.00968196,0.018875,0.00245081,0.005167,0,0,0,0,0,5671.25,0,0,0,12279213079090862435
lmdb,ycsb-d,5000000,200000,1000,100,0,614.229,10079,189921,0,0.0104058,0.023333,0.00266115,0.005791,0,0,0,0,0,5671.19,0,0,0,12279213079090862435
aha,ycsb-d,5000000,200000,1000,100,0,790.819,10079,189921,0,0.00373989,0.013416,0.0039454,0.006958,0,0,0,0,0,301.469,0,0,0,12279213079090862435
aha,ycsb-d,5000000,200000,1000,100,0,754.25,10079,189921,0,0.00341676,0.009916,0.00377028,0.006292,0,0,0,0,0,305.906,0,0,0,12279213079090862435
aha,ycsb-d,5000000,200000,1000,100,0,764.965,10079,189921,0,0.00339998,0.010208,0.00382745,0.006916,0,0,0,0,0,300.109,0,0,0,12279213079090862435
aha,ycsb-d,5000000,200000,1000,100,0,776.116,10079,189921,0,0.00420574,0.011209,0.00384342,0.007167,0,0,0,0,0,297.938,0,0,0,12279213079090862435
aha,ycsb-d,5000000,200000,1000,100,0,826.331,10079,189921,0,0.00446134,0.012042,0.00409387,0.0075,0,0,0,0,0,297.594,0,0,0,12279213079090862435
static_hybrid,ycsb-d,5000000,200000,1000,100,0,580.856,10079,189921,0,0.0164588,0.030333,0.00216566,0.005291,0,0,0,0,0,5907.61,0,0,0,12279213079090862435
static_hybrid,ycsb-d,5000000,200000,1000,100,0,593.101,10079,189921,0,0.017022,0.027167,0.00219941,0.003459,0,0,0,0,0,5892.2,0,0,0,12279213079090862435
static_hybrid,ycsb-d,5000000,200000,1000,100,0,585.844,10079,189921,0,0.0174408,0.033042,0.00213854,0.003542,0,0,0,0,0,5909.23,0,0,0,12279213079090862435
static_hybrid,ycsb-d,5000000,200000,1000,100,0,689.552,10079,189921,0,0.0239871,0.081583,0.00233914,0.005083,0,0,0,0,0,5911.58,0,0,0,12279213079090862435
static_hybrid,ycsb-d,5000000,200000,1000,100,0,618.829,10079,189921,0,0.0181634,0.030625,0.00227466,0.004,0,0,0,0,0,5907.14,0,0,0,12279213079090862435
ahse,ycsb-d,5000000,200000,1000,100,0,743.839,10079,189921,0,0.00332981,0.010375,0.00372021,0.006792,0,0,0,0,0,295.719,0,0,0,12279213079090862435
ahse,ycsb-d,5000000,200000,1000,100,0,743.074,10079,189921,0,0.00401158,0.009334,0.00367989,0.006292,0,0,0,0,0,303.953,0,0,0,12279213079090862435
ahse,ycsb-d,5000000,200000,1000,100,0,772.438,10079,189921,0,0.00412586,0.010917,0.00382805,0.006042,0,0,0,0,0,300.859,0,0,0,12279213079090862435
ahse,ycsb-d,5000000,200000,1000,100,0,738.968,10079,189921,0,0.00374546,0.00875,0.00367253,0.006,0,0,0,0,0,299.594,0,0,0,12279213079090862435
ahse,ycsb-d,5000000,200000,1000,100,0,786.602,10079,189921,0,0.00464593,0.011042,0.00387516,0.006125,0,0,0,0,0,300.875,0,0,0,12279213079090862435
rocksdb,ycsb-e,5000000,200000,1000,100,0,14702.1,10015,0,189985,0.00904431,0.023583,0,0,0.0768869,0.076417,0.139625,0.154583,0.190792,299.234,0,0,0,15859366175217394019
rocksdb,ycsb-e,5000000,200000,1000,100,0,14783.1,10015,0,189985,0.00922156,0.024833,0,0,0.0773042,0.076875,0.1405,0.15575,0.189834,299,0,0,0,15859366175217394019
rocksdb,ycsb-e,5000000,200000,1000,100,0,14816.7,10015,0,189985,0.00971372,0.024167,0,0,0.0774547,0.077042,0.140666,0.155125,0.189958,303.5,0,0,0,15859366175217394019
rocksdb,ycsb-e,5000000,200000,1000,100,0,14725.6,10015,0,189985,0.00999818,0.023625,0,0,0.0769605,0.076416,0.13975,0.155542,0.191708,301.562,0,0,0,15859366175217394019
rocksdb,ycsb-e,5000000,200000,1000,100,0,14597,10015,0,189985,0.0104198,0.023917,0,0,0.0762619,0.075875,0.1385,0.153625,0.187583,298.594,0,0,0,15859366175217394019
lmdb,ycsb-e,5000000,200000,1000,100,0,11662.2,10015,0,189985,0.120318,0.046417,0,0,0.0550197,0.054292,0.103291,0.118583,0.172791,5672.36,0,0,0,15859366175217394019
lmdb,ycsb-e,5000000,200000,1000,100,0,10369.4,10015,0,189985,0.013087,0.037083,0,0,0.0538681,0.053375,0.100125,0.114416,0.154666,5672.34,0,0,0,15859366175217394019
lmdb,ycsb-e,5000000,200000,1000,100,0,10366.4,10015,0,189985,0.0128394,0.037,0,0,0.053866,0.053333,0.1,0.114875,0.167042,5672.33,0,0,0,15859366175217394019
lmdb,ycsb-e,5000000,200000,1000,100,0,10232.4,10015,0,189985,0.0123342,0.032417,0,0,0.0531869,0.052708,0.098209,0.1125,0.13925,5672.28,0,0,0,15859366175217394019
lmdb,ycsb-e,5000000,200000,1000,100,0,12164.2,10015,0,189985,0.188839,0.036917,0,0,0.0540508,0.0535,0.100625,0.116375,0.16075,5672.3,0,0,0,15859366175217394019
aha,ycsb-e,5000000,200000,1000,100,0,14682,10015,0,189985,0.0106245,0.024083,0,0,0.0766987,0.076208,0.139083,0.154041,0.185958,301.234,0,0,0,15859366175217394019
aha,ycsb-e,5000000,200000,1000,100,0,14880.5,10015,0,189985,0.0110997,0.029583,0,0,0.0777183,0.077125,0.141292,0.158916,0.204333,305.016,0,0,0,15859366175217394019
aha,ycsb-e,5000000,200000,1000,100,0,14994.3,10015,0,189985,0.0104303,0.028125,0,0,0.0783524,0.077667,0.142875,0.16075,0.198458,293.484,0,0,0,15859366175217394019
aha,ycsb-e,5000000,200000,1000,100,0,14881.8,10015,0,189985,0.0101844,0.025875,0,0,0.0777727,0.077208,0.141375,0.158375,0.196375,296.031,0,0,0,15859366175217394019
aha,ycsb-e,5000000,200000,1000,100,0,14768.6,10015,0,189985,0.00923988,0.026125,0,0,0.0772271,0.076625,0.140291,0.156958,0.1905,299.859,0,0,0,15859366175217394019
static_hybrid,ycsb-e,5000000,200000,1000,100,0,10567.5,10015,0,189985,0.0264261,0.071542,0,0,0.0542093,0.05375,0.101125,0.111708,0.138625,5889.23,0,0,0,15859366175217394019
static_hybrid,ycsb-e,5000000,200000,1000,100,0,10579.7,10015,0,189985,0.0288328,0.075792,0,0,0.0541468,0.053667,0.100959,0.114291,0.149833,5909.52,0,0,0,15859366175217394019
static_hybrid,ycsb-e,5000000,200000,1000,100,0,10323.9,10015,0,189985,0.0242565,0.066166,0,0,0.0530421,0.052583,0.098417,0.111541,0.129875,5910.62,0,0,0,15859366175217394019
static_hybrid,ycsb-e,5000000,200000,1000,100,0,10055.3,10015,0,189985,0.0231737,0.048458,0,0,0.051686,0.051375,0.095208,0.107042,0.1245,5912.48,0,0,0,15859366175217394019
static_hybrid,ycsb-e,5000000,200000,1000,100,0,10486.6,10015,0,189985,0.0466291,0.07725,0,0,0.0527189,0.05225,0.097125,0.112583,0.140333,5914.77,0,0,0,15859366175217394019
ahse,ycsb-e,5000000,200000,1000,100,0,13105.9,10015,0,189985,0.0989817,3.40733,0,0,0.0637457,0.061084,0.1325,0.160625,0.196334,2893.61,5001034,3370.1,24,15859366175217394019
ahse,ycsb-e,5000000,200000,1000,100,0,12801.7,10015,0,189985,0.0716711,2.85908,0,0,0.0635839,0.060917,0.132583,0.159542,0.197,2896.47,5001047,3343.06,23,15859366175217394019
ahse,ycsb-e,5000000,200000,1000,100,0,12867.5,10015,0,189985,0.0650275,2.43846,0,0,0.064281,0.061291,0.134959,0.165625,0.206125,2883.58,5001130,3448.17,23,15859366175217394019
ahse,ycsb-e,5000000,200000,1000,100,0,12906.7,10015,0,189985,0.0704658,2.51279,0,0,0.0642002,0.061292,0.1345,0.160917,0.197417,2812.91,5001331,3359.62,22,15859366175217394019
ahse,ycsb-e,5000000,200000,1000,100,0,12772.4,10015,0,189985,0.0669179,2.47688,0,0,0.0636806,0.060875,0.133875,0.159292,0.194292,2858.14,5001094,3306.01,23,15859366175217394019
rocksdb,ycsb-b,10000000,200000,1000,100,0,881.812,9968,190032,0,0.00472084,0.013125,0.00437312,0.008541,0,0,0,0,0,379.531,0,0,0,7378272849181418883
rocksdb,ycsb-b,10000000,200000,1000,100,0,854.387,9968,190032,0,0.00380093,0.010792,0.00427702,0.007625,0,0,0,0,0,379.688,0,0,0,7378272849181418883
rocksdb,ycsb-b,10000000,200000,1000,100,0,850.63,9968,190032,0,0.00449019,0.010834,0.00422093,0.008042,0,0,0,0,0,377.359,0,0,0,7378272849181418883
rocksdb,ycsb-b,10000000,200000,1000,100,0,837.363,9968,190032,0,0.0037744,0.009792,0.0041891,0.007333,0,0,0,0,0,379.5,0,0,0,7378272849181418883
rocksdb,ycsb-b,10000000,200000,1000,100,0,836.03,9968,190032,0,0.00365696,0.010167,0.00418812,0.007292,0,0,0,0,0,379.109,0,0,0,7378272849181418883
lmdb,ycsb-b,10000000,200000,1000,100,0,667.262,9968,190032,0,0.0145319,0.034458,0.00272839,0.005084,0,0,0,0,0,11288.6,0,0,0,7378272849181418883
lmdb,ycsb-b,10000000,200000,1000,100,0,677.479,9968,190032,0,0.0143351,0.023875,0.0027925,0.005333,0,0,0,0,0,11288.6,0,0,0,7378272849181418883
lmdb,ycsb-b,10000000,200000,1000,100,0,751.957,9968,190032,0,0.0176809,0.054625,0.00300807,0.005833,0,0,0,0,0,11288.6,0,0,0,7378272849181418883
lmdb,ycsb-b,10000000,200000,1000,100,0,733.18,9968,190032,0,0.0159882,0.046666,0.00299793,0.00625,0,0,0,0,0,11288.5,0,0,0,7378272849181418883
lmdb,ycsb-b,10000000,200000,1000,100,0,721.166,9968,190032,0,0.017608,0.109959,0.00285038,0.005167,0,0,0,0,0,11288.5,0,0,0,7378272849181418883
aha,ycsb-b,10000000,200000,1000,100,0,837.547,9968,190032,0,0.00384703,0.0105,0.00418625,0.007542,0,0,0,0,0,381.703,0,0,0,7378272849181418883
aha,ycsb-b,10000000,200000,1000,100,0,824.432,9968,190032,0,0.00421191,0.008875,0.00409827,0.007084,0,0,0,0,0,381.625,0,0,0,7378272849181418883
aha,ycsb-b,10000000,200000,1000,100,0,866.138,9968,190032,0,0.0037572,0.010375,0.00434106,0.007083,0,0,0,0,0,382.094,0,0,0,7378272849181418883
aha,ycsb-b,10000000,200000,1000,100,0,917.259,9968,190032,0,0.00563164,0.012958,0.00451157,0.007542,0,0,0,0,0,376.328,0,0,0,7378272849181418883
aha,ycsb-b,10000000,200000,1000,100,0,848.817,9968,190032,0,0.00440678,0.009625,0.00421589,0.007,0,0,0,0,0,380.281,0,0,0,7378272849181418883
static_hybrid,ycsb-b,10000000,200000,1000,100,0,865.826,9968,190032,0,0.0294005,0.048834,0.00299401,0.0055,0,0,0,0,0,11570.9,0,0,0,7378272849181418883
static_hybrid,ycsb-b,10000000,200000,1000,100,0,878.314,9968,190032,0,0.0291681,0.082208,0.00307211,0.007375,0,0,0,0,0,11564.8,0,0,0,7378272849181418883
static_hybrid,ycsb-b,10000000,200000,1000,100,0,859.813,9968,190032,0,0.0289517,0.05,0.00298635,0.006458,0,0,0,0,0,11570.2,0,0,0,7378272849181418883
static_hybrid,ycsb-b,10000000,200000,1000,100,0,818.171,9968,190032,0,0.0267541,0.03875,0.00288249,0.0055,0,0,0,0,0,11559,0,0,0,7378272849181418883
static_hybrid,ycsb-b,10000000,200000,1000,100,0,3195.97,9968,190032,0,0.263422,0.052541,0.00298132,0.005958,0,0,0,0,0,11568.8,0,0,0,7378272849181418883
ahse,ycsb-b,10000000,200000,1000,100,0,858.19,9968,190032,0,0.00384538,0.010958,0.00429487,0.007666,0,0,0,0,0,376.297,0,0,0,7378272849181418883
ahse,ycsb-b,10000000,200000,1000,100,0,910.433,9968,190032,0,0.00518229,0.013709,0.00449918,0.007875,0,0,0,0,0,379.156,0,0,0,7378272849181418883
ahse,ycsb-b,10000000,200000,1000,100,0,838.744,9968,190032,0,0.00371022,0.009583,0.0041996,0.007417,0,0,0,0,0,374.375,0,0,0,7378272849181418883
ahse,ycsb-b,10000000,200000,1000,100,0,826.145,9968,190032,0,0.00351307,0.008458,0.00414376,0.00675,0,0,0,0,0,376.234,0,0,0,7378272849181418883
ahse,ycsb-b,10000000,200000,1000,100,0,814.82,9968,190032,0,0.00347309,0.008334,0.00408607,0.006459,0,0,0,0,0,379.922,0,0,0,7378272849181418883
rocksdb,ycsb-c,10000000,200000,1000,100,0,757.785,0,200000,0,0,0,0.00377063,0.006291,0,0,0,0,0,369.484,0,0,0,1546678953472560003
rocksdb,ycsb-c,10000000,200000,1000,100,0,729.948,0,200000,0,0,0,0.00363127,0.005667,0,0,0,0,0,368.359,0,0,0,1546678953472560003
rocksdb,ycsb-c,10000000,200000,1000,100,0,801.907,0,200000,0,0,0,0.00399049,0.0065,0,0,0,0,0,370.031,0,0,0,1546678953472560003
rocksdb,ycsb-c,10000000,200000,1000,100,0,755.308,0,200000,0,0,0,0.00375781,0.006208,0,0,0,0,0,369.531,0,0,0,1546678953472560003
rocksdb,ycsb-c,10000000,200000,1000,100,0,729.317,0,200000,0,0,0,0.00362815,0.005667,0,0,0,0,0,369.547,0,0,0,1546678953472560003
lmdb,ycsb-c,10000000,200000,1000,100,0,520.914,0,200000,0,0,0,0.00258648,0.00575,0,0,0,0,0,11278.6,0,0,0,1546678953472560003
lmdb,ycsb-c,10000000,200000,1000,100,0,498.391,0,200000,0,0,0,0.00247423,0.004167,0,0,0,0,0,11278.7,0,0,0,1546678953472560003
lmdb,ycsb-c,10000000,200000,1000,100,0,2366.81,0,200000,0,0,0,0.0118131,0.1305,0,0,0,0,0,11114.2,0,0,0,1546678953472560003
lmdb,ycsb-c,10000000,200000,1000,100,0,567.255,0,200000,0,0,0,0.00281738,0.006833,0,0,0,0,0,11278.7,0,0,0,1546678953472560003
lmdb,ycsb-c,10000000,200000,1000,100,0,616.441,0,200000,0,0,0,0.00306152,0.007458,0,0,0,0,0,11278.8,0,0,0,1546678953472560003
aha,ycsb-c,10000000,200000,1000,100,0,824.463,0,200000,0,0,0,0.00410338,0.007209,0,0,0,0,0,367.703,0,0,0,1546678953472560003
aha,ycsb-c,10000000,200000,1000,100,0,776.885,0,200000,0,0,0,0.00386556,0.006791,0,0,0,0,0,371.438,0,0,0,1546678953472560003
aha,ycsb-c,10000000,200000,1000,100,0,804.324,0,200000,0,0,0,0.00400243,0.007292,0,0,0,0,0,357.125,0,0,0,1546678953472560003
aha,ycsb-c,10000000,200000,1000,100,0,738.285,0,200000,0,0,0,0.0036727,0.005625,0,0,0,0,0,372.375,0,0,0,1546678953472560003
aha,ycsb-c,10000000,200000,1000,100,0,774.822,0,200000,0,0,0,0.00385542,0.00625,0,0,0,0,0,366.922,0,0,0,1546678953472560003
static_hybrid,ycsb-c,10000000,200000,1000,100,0,540.899,0,200000,0,0,0,0.0026866,0.005125,0,0,0,0,0,11561.5,0,0,0,1546678953472560003
static_hybrid,ycsb-c,10000000,200000,1000,100,0,507.205,0,200000,0,0,0,0.00251889,0.004542,0,0,0,0,0,11528,0,0,0,1546678953472560003
static_hybrid,ycsb-c,10000000,200000,1000,100,0,557.802,0,200000,0,0,0,0.00277111,0.006417,0,0,0,0,0,11549.8,0,0,0,1546678953472560003
static_hybrid,ycsb-c,10000000,200000,1000,100,0,569.989,0,200000,0,0,0,0.00283174,0.006542,0,0,0,0,0,11532.5,0,0,0,1546678953472560003
static_hybrid,ycsb-c,10000000,200000,1000,100,0,694.098,0,200000,0,0,0,0.00345001,0.009125,0,0,0,0,0,11510.3,0,0,0,1546678953472560003
ahse,ycsb-c,10000000,200000,1000,100,0,829.566,0,200000,0,0,0,0.00412848,0.007875,0,0,0,0,0,319.594,0,0,0,1546678953472560003
ahse,ycsb-c,10000000,200000,1000,100,0,843.741,0,200000,0,0,0,0.00419929,0.007958,0,0,0,0,0,321.016,0,0,0,1546678953472560003
ahse,ycsb-c,10000000,200000,1000,100,0,842.796,0,200000,0,0,0,0.0041947,0.008709,0,0,0,0,0,333.781,0,0,0,1546678953472560003
ahse,ycsb-c,10000000,200000,1000,100,0,840.683,0,200000,0,0,0,0.00418438,0.008959,0,0,0,0,0,329.312,0,0,0,1546678953472560003
ahse,ycsb-c,10000000,200000,1000,100,0,840.173,0,200000,0,0,0,0.00418156,0.007958,0,0,0,0,0,332.609,0,0,0,1546678953472560003
rocksdb,ycsb-d,10000000,200000,1000,100,0,865.238,9968,190032,0,0.00387276,0.018834,0.00432982,0.00825,0,0,0,0,0,325.266,0,0,0,7378272849181418883
rocksdb,ycsb-d,10000000,200000,1000,100,0,900.746,9968,190032,0,0.00489349,0.023667,0.00446274,0.0085,0,0,0,0,0,316.672,0,0,0,7378272849181418883
rocksdb,ycsb-d,10000000,200000,1000,100,0,882.986,9968,190032,0,0.00471513,0.019708,0.00437894,0.008042,0,0,0,0,0,321.453,0,0,0,7378272849181418883
rocksdb,ycsb-d,10000000,200000,1000,100,0,880.927,9968,190032,0,0.00399621,0.020833,0.00440554,0.00925,0,0,0,0,0,322.109,0,0,0,7378272849181418883
rocksdb,ycsb-d,10000000,200000,1000,100,0,866.246,9968,190032,0,0.00425216,0.02075,0.00431506,0.00875,0,0,0,0,0,324.5,0,0,0,7378272849181418883
lmdb,ycsb-d,10000000,200000,1000,100,0,724.864,9968,190032,0,0.0124383,0.033458,0.00314076,0.006416,0,0,0,0,0,11299.6,0,0,0,7378272849181418883
lmdb,ycsb-d,10000000,200000,1000,100,0,748.279,9968,190032,0,0.0130985,0.033875,0.00322893,0.006916,0,0,0,0,0,11298.9,0,0,0,7378272849181418883
lmdb,ycsb-d,10000000,200000,1000,100,0,711.198,9968,190032,0,0.0120049,0.033458,0.00309222,0.006667,0,0,0,0,0,11299.6,0,0,0,7378272849181418883
lmdb,ycsb-d,10000000,200000,1000,100,0,826.242,9968,190032,0,0.0125341,0.045458,0.00366741,0.009333,0,0,0,0,0,11299.8,0,0,0,7378272849181418883
lmdb,ycsb-d,10000000,200000,1000,100,0,784.987,9968,190032,0,0.0123831,0.039792,0.00345838,0.008292,0,0,0,0,0,11299.6,0,0,0,7378272849181418883
aha,ycsb-d,10000000,200000,1000,100,0,951.763,9968,190032,0,0.00436942,0.025875,0.0047588,0.010667,0,0,0,0,0,353.156,0,0,0,7378272849181418883
aha,ycsb-d,10000000,200000,1000,100,0,977.357,9968,190032,0,0.00538244,0.034208,0.0048398,0.014375,0,0,0,0,0,375.891,0,0,0,7378272849181418883
aha,ycsb-d,10000000,200000,1000,100,0,1061.76,9968,190032,0,0.00585597,0.044833,0.00525846,0.017042,0,0,0,0,0,365.578,0,0,0,7378272849181418883
aha,ycsb-d,10000000,200000,1000,100,0,951.756,9968,190032,0,0.00467268,0.030083,0.00474252,0.012292,0,0,0,0,0,364.766,0,0,0,7378272849181418883
aha,ycsb-d,10000000,200000,1000,100,0,1045.24,9968,190032,0,0.0052648,0.023083,0.00520329,0.012208,0,0,0,0,0,361.031,0,0,0,7378272849181418883
static_hybrid,ycsb-d,10000000,200000,1000,100,0,1000.66,9968,190032,0,0.027226,0.076916,0.00381644,0.008667,0,0,0,0,0,11549.1,0,0,0,7378272849181418883
static_hybrid,ycsb-d,10000000,200000,1000,100,0,907.459,9968,190032,0,0.0233419,0.053125,0.00352942,0.008666,0,0,0,0,0,11561.1,0,0,0,7378272849181418883
static_hybrid,ycsb-d,10000000,200000,1000,100,0,833.234,9968,190032,0,0.021486,0.057958,0.0032374,0.007292,0,0,0,0,0,11562.4,0,0,0,7378272849181418883
static_hybrid,ycsb-d,10000000,200000,1000,100,0,849.825,9968,190032,0,0.0219861,0.053916,0.00329821,0.007542,0,0,0,0,0,11568,0,0,0,7378272849181418883
static_hybrid,ycsb-d,10000000,200000,1000,100,0,854.131,9968,190032,0,0.0218812,0.04975,0.00332557,0.007916,0,0,0,0,0,11562.2,0,0,0,7378272849181418883
ahse,ycsb-d,10000000,200000,1000,100,0,949.61,9968,190032,0,0.00566071,0.026583,0.00467925,0.012042,0,0,0,0,0,372.594,0,0,0,7378272849181418883
ahse,ycsb-d,10000000,200000,1000,100,0,889.649,9968,190032,0,0.00628097,0.017666,0.00433134,0.00975,0,0,0,0,0,355.719,0,0,0,7378272849181418883
ahse,ycsb-d,10000000,200000,1000,100,0,877.381,9968,190032,0,0.00437806,0.017833,0.00436663,0.010625,0,0,0,0,0,342.859,0,0,0,7378272849181418883
ahse,ycsb-d,10000000,200000,1000,100,0,782.288,9968,190032,0,0.00397221,0.009042,0.00388847,0.007125,0,0,0,0,0,381.172,0,0,0,7378272849181418883
ahse,ycsb-d,10000000,200000,1000,100,0,767.828,9968,190032,0,0.00397137,0.008625,0.00381247,0.006166,0,0,0,0,0,382.719,0,0,0,7378272849181418883
rocksdb,ycsb-e,10000000,200000,1000,100,0,15206.1,9977,0,190023,0.0106045,0.032833,0,0,0.0794435,0.078875,0.14275,0.16075,0.24175,379.234,0,0,0,1948044650653244995
rocksdb,ycsb-e,10000000,200000,1000,100,0,15119.6,9977,0,190023,0.0119489,0.037209,0,0,0.078918,0.078292,0.14175,0.160792,0.247917,381.406,0,0,0,1948044650653244995
rocksdb,ycsb-e,10000000,200000,1000,100,0,14775.8,9977,0,190023,0.00924768,0.024584,0,0,0.0772515,0.076958,0.138916,0.151625,0.187417,378.203,0,0,0,1948044650653244995
rocksdb,ycsb-e,10000000,200000,1000,100,0,14942.5,9977,0,190023,0.0103204,0.031375,0,0,0.0780721,0.077417,0.140292,0.156917,0.258333,371.844,0,0,0,1948044650653244995
rocksdb,ycsb-e,10000000,200000,1000,100,0,15323.4,9977,0,190023,0.010394,0.033625,0,0,0.0800721,0.079458,0.144083,0.163667,0.244625,378.594,0,0,0,1948044650653244995
lmdb,ycsb-e,10000000,200000,1000,100,0,10089.5,9977,0,190023,0.0122682,0.028,0,0,0.052431,0.052167,0.096291,0.107083,0.125708,11299.8,0,0,0,1948044650653244995
lmdb,ycsb-e,10000000,200000,1000,100,0,10544.9,9977,0,190023,0.0165052,0.038875,0,0,0.0546051,0.054084,0.101375,0.116625,0.153875,11299.8,0,0,0,1948044650653244995
lmdb,ycsb-e,10000000,200000,1000,100,0,10502.6,9977,0,190023,0.0174177,0.059125,0,0,0.0543346,0.053667,0.100833,0.11825,0.1695,11299.7,0,0,0,1948044650653244995
lmdb,ycsb-e,10000000,200000,1000,100,0,11127.8,9977,0,190023,0.0931604,0.0365,0,0,0.0536485,0.053166,0.098916,0.115,0.153625,11299.8,0,0,0,1948044650653244995
lmdb,ycsb-e,10000000,200000,1000,100,0,11293.8,9977,0,190023,0.0909627,0.045208,0,0,0.0546369,0.054042,0.101542,0.11825,0.169333,11299.8,0,0,0,1948044650653244995
aha,ycsb-e,10000000,200000,1000,100,0,14892,9977,0,190023,0.00949556,0.022917,0,0,0.0778502,0.077458,0.140209,0.15825,0.178584,377.031,0,0,0,1948044650653244995
aha,ycsb-e,10000000,200000,1000,100,0,14938.1,9977,0,190023,0.0107866,0.03025,0,0,0.0780247,0.077541,0.1405,0.15975,0.192333,380.062,0,0,0,1948044650653244995
aha,ycsb-e,10000000,200000,1000,100,0,14831.7,9977,0,190023,0.010419,0.017875,0,0,0.0774849,0.077167,0.139625,0.153833,0.175125,380.484,0,0,0,1948044650653244995
aha,ycsb-e,10000000,200000,1000,100,0,14580.6,9977,0,190023,0.00779914,0.016125,0,0,0.0763011,0.076,0.137125,0.151042,0.170709,384.031,0,0,0,1948044650653244995
aha,ycsb-e,10000000,200000,1000,100,0,14791.9,9977,0,190023,0.00903401,0.019541,0,0,0.0773475,0.077042,0.13925,0.153333,0.173209,380.766,0,0,0,1948044650653244995
static_hybrid,ycsb-e,10000000,200000,1000,100,0,11274.8,9977,0,190023,0.115698,0.087542,0,0,0.0532399,0.05275,0.097875,0.114,0.149959,11579.2,0,0,0,1948044650653244995
static_hybrid,ycsb-e,10000000,200000,1000,100,0,10542.7,9977,0,190023,0.0374433,0.080792,0,0,0.0534961,0.053125,0.09875,0.113709,0.132958,11531.7,0,0,0,1948044650653244995
static_hybrid,ycsb-e,10000000,200000,1000,100,0,10910.8,9977,0,190023,0.0348373,0.117,0,0,0.0555686,0.05475,0.103625,0.120333,0.187708,11571.1,0,0,0,1948044650653244995
static_hybrid,ycsb-e,10000000,200000,1000,100,0,10395.8,9977,0,190023,0.035589,0.078584,0,0,0.0528206,0.052541,0.09725,0.111458,0.128333,11531.9,0,0,0,1948044650653244995
static_hybrid,ycsb-e,10000000,200000,1000,100,0,10046.1,9977,0,190023,0.0253755,0.086875,0,0,0.0515172,0.051334,0.09475,0.102667,0.11875,11574.2,0,0,0,1948044650653244995
ahse,ycsb-e,10000000,200000,1000,100,0,17326.4,9977,0,190023,0.196605,4.53333,0,0,0.080837,0.071208,0.1655,0.28625,0.687542,3470.39,10000743,9617.31,32,1948044650653244995
ahse,ycsb-e,10000000,200000,1000,100,0,19794.9,9977,0,190023,0.559704,3.39842,0,0,0.0747632,0.071708,0.149333,0.17275,0.210667,3108.97,10001056,9052.71,25,1948044650653244995
ahse,ycsb-e,10000000,200000,1000,100,0,15151.8,9977,0,190023,0.11419,3.06317,0,0,0.0737204,0.071042,0.146208,0.164333,0.192,3159.81,10000939,8786.26,25,1948044650653244995
ahse,ycsb-e,10000000,200000,1000,100,0,15909.7,9977,0,190023,0.156319,3.63287,0,0,0.0754968,0.072916,0.147708,0.165542,0.19625,2949.38,10001017,9451.29,19,1948044650653244995
ahse,ycsb-e,10000000,200000,1000,100,0,15557,9977,0,190023,0.137409,3.81429,0,0,0.0746332,0.071542,0.149334,0.170791,0.215291,3256.66,10000925,8621.35,17,1948044650653244995
