Timestamp,Engine,State,OpType,DatasetSize,ReadRatio,WriteRatio,OpsPerSec,ScanRateEMA,AvgLatency_ms,P99Latency_ms,RamMB,SuccessfulMigrations,ReactiveFire,PredictiveFire,DropIndexFire,IsLmdbReady,IsMigrating,Expected_Q,Breakeven_Q_Star,BuildCost_ms,Benefit_ms,MigrationTriggered,TriggerDecision,Event
22:55:23.039,ahse,WRITE_HEAVY,write,10000000,0,1,394338,0,0,0,164.25,0,0,0,0,0,0,0,1.73333e+06,2600,0.0015,0,NONE,NONE
22:55:23.540,ahse,WRITE_HEAVY,write,10000000,0,1,355260,0,0,0,186.297,0,0,0,0,0,0,0,1.73333e+06,2600,0.0015,0,NONE,NONE
22:55:24.044,ahse,WRITE_HEAVY,write,10000000,0,1,389376,0,0,0,202.484,0,0,0,0,0,0,0,1.73333e+06,2600,0.0015,0,NONE,NONE
22:55:24.548,ahse,WRITE_HEAVY,write,10000000,0,1,377772,0,0,0,202.578,0,0,0,0,0,0,0,1.73333e+06,2600,0.0015,0,NONE,NONE
22:55:25.053,ahse,WRITE_HEAVY,write,10000000,0,1,374232,0,0,0,202.625,0,0,0,0,0,0,0,1.73333e+06,2600,0.0015,0,NONE,NONE
22:55:25.558,ahse,WRITE_HEAVY,write,10000000,0,1,372314,0,0,0,208.234,0,0,0,0,0,0,0,1.73333e+06,2600,0.0015,0,NONE,NONE
22:55:26.061,ahse,WRITE_HEAVY,write,10000000,0,1,388936,0,0,0,208.25,0,0,0,0,0,0,0,1.73333e+06,2600,0.0015,0,NONE,NONE
22:55:26.564,ahse,WRITE_HEAVY,write,10000000,0,1,363904,0,0,0,221.297,0,0,0,0,0,0,0,1.73333e+06,2600,0.0015,0,NONE,NONE
22:55:27.067,ahse,WRITE_HEAVY,write,10000000,0,1,368526,0,0,0,250.859,0,0,0,0,0,0,0,1.73333e+06,2600,0.0015,0,NONE,NONE
22:55:27.570,ahse,WRITE_HEAVY,write,10000000,0,1,375198,0,0,0,259.906,0,0,0,0,0,0,0,1.73333e+06,2600,0.0015,0,NONE,NONE
22:55:28.075,ahse,WRITE_HEAVY,write,10000000,0,1,389138,0,0,0,263.938,0,0,0,0,0,0,0,1.73333e+06,2600,0.0015,0,NONE,NONE
22:55:28.577,ahse,WRITE_HEAVY,write,10000000,0,1,384804,0,0,0,263.953,0,0,0,0,0,0,0,1.73333e+06,2600,0.0015,0,NONE,NONE
22:55:29.082,ahse,WRITE_HEAVY,write,10000000,0,1,365782,0,0,0,263.984,0,0,0,0,0,0,0,1.73333e+06,2600,0.0015,0,NONE,NONE
22:55:29.585,ahse,WRITE_HEAVY,write,10000000,0,1,371680,0,0,0,264.031,0,0,0,0,0,0,0,1.73333e+06,2600,0.0015,0,NONE,NONE
22:55:30.102,ahse,WRITE_HEAVY,write,10000000,0,1,358904,0,0,0,264.031,0,0,0,0,0,0,0,1.73333e+06,2600,0.0015,0,NONE,NONE
22:55:30.605,ahse,WRITE_HEAVY,write,10000000,0,1,368620,0,0,0,268.094,0,0,0,0,0,0,0,1.73333e+06,2600,0.0015,0,NONE,NONE
22:55:31.109,ahse,WRITE_HEAVY,write,10000000,0,1,168164,0,0,0,268.094,0,0,0,0,0,0,0,1.73333e+06,2600,0.0015,0,NONE,NONE
22:55:31.610,ahse,WRITE_HEAVY,write,10000000,0,1,378372,0,0,0,268.141,0,0,0,0,0,0,0,1.73333e+06,2600,0.0015,0,NONE,NONE
22:55:32.113,ahse,WRITE_HEAVY,write,10000000,0,1,366358,0,0,0,268.172,0,0,0,0,0,0,0,1.73333e+06,2600,0.0015,0,NONE,NONE
22:55:32.618,ahse,WRITE_HEAVY,write,10000000,0,1,387690,0,0,0,268.188,0,0,0,0,0,0,0,1.73333e+06,2600,0.0015,0,NONE,NONE
22:55:33.123,ahse,WRITE_HEAVY,write,10000000,0,1,382530,0,0,0,272.203,0,0,0,0,0,0,0,1.73333e+06,2600,0.0015,0,NONE,NONE
22:55:33.626,ahse,WRITE_HEAVY,write,10000000,0,1,379624,0,0,0,276.234,0,0,0,0,0,0,0,1.73333e+06,2600,0.0015,0,NONE,NONE
22:55:34.127,ahse,WRITE_HEAVY,write,10000000,0,1,367030,0,0,0,276.25,0,0,0,0,0,0,0,1.73333e+06,2600,0.0015,0,NONE,NONE
22:55:34.629,ahse,WRITE_HEAVY,write,10000000,0,1,348260,0,0,0,276.266,0,0,0,0,0,0,0,1.73333e+06,2600,0.0015,0,NONE,NONE
22:55:35.131,ahse,WRITE_HEAVY,write,10000000,0,1,342850,0,0,0,276.281,0,0,0,0,0,0,0,1.73333e+06,2600,0.0015,0,NONE,NONE
22:55:35.635,ahse,WRITE_HEAVY,write,10000000,0,1,380400,0,0,0,276.312,0,0,0,0,0,0,0,1.73333e+06,2600,0.0015,0,NONE,NONE
22:55:36.141,ahse,WRITE_HEAVY,write,10000000,0,1,255058,0,0,0,280.547,0,0,0,0,0,0,0,1.73333e+06,2600,0.0015,0,NONE,NONE
22:55:36.757,ahse,WRITE_HEAVY,write,10000000,0,1,339066,0,0,0,284.562,0,0,0,0,0,0,0,1.73333e+06,2600,0.0015,0,NONE,NONE
22:55:37.260,ahse,WRITE_HEAVY,write,10000000,0,1,399940,0,0,0,284.609,0,0,0,0,0,0,0,1.73333e+06,2600,0.0015,0,NONE,NONE
22:55:37.763,ahse,WRITE_HEAVY,write,10000000,0,1,373240,0,0,0,288.641,0,0,0,0,0,0,0,1.73333e+06,2600,0.0015,0,NONE,NONE
22:55:38.268,ahse,WRITE_HEAVY,write,10000000,0,1,370810,0,0,0,288.703,0,0,0,0,0,0,0,1.73333e+06,2600,0.0015,0,NONE,NONE
22:55:38.773,ahse,WRITE_HEAVY,write,10000000,0,1,399268,0,0,0,288.734,0,0,0,0,0,0,0,1.73333e+06,2600,0.0015,0,NONE,NONE
22:55:39.278,ahse,WRITE_HEAVY,write,10000000,0,1,424030,0,0,0,292.766,0,0,0,0,0,0,0,1.73333e+06,2600,0.0015,0,NONE,NONE
22:55:39.783,ahse,WRITE_HEAVY,write,10000000,0,1,409120,0,0,0,293.156,0,0,0,0,0,0,0,1.73333e+06,2600,0.0015,0,NONE,NONE
22:55:40.288,ahse,WRITE_HEAVY,write,10000000,0,1,406950,0,0,0,296.984,0,0,0,0,0,0,0,1.73333e+06,2600,0.0015,0,NONE,NONE
22:55:40.793,ahse,WRITE_HEAVY,write,10000000,0,1,417886,0,0,0,297.234,0,0,0,0,0,0,0,1.73333e+06,2600,0.0015,0,NONE,NONE
22:55:41.298,ahse,WRITE_HEAVY,write,10000000,0,1,392774,0,0,0,297.234,0,0,0,0,0,0,0,1.73333e+06,2600,0.0015,0,NONE,NONE
22:55:41.800,ahse,WRITE_HEAVY,write,10000000,0,1,382020,0,0,0,297.266,0,0,0,0,0,0,0,1.73333e+06,2600,0.0015,0,NONE,NONE
22:55:42.302,ahse,WRITE_HEAVY,write,10000000,0,1,397030,0,0,0,297.281,0,0,0,0,0,0,0,1.73333e+06,2600,0.0015,0,NONE,NONE
22:55:42.805,ahse,WRITE_HEAVY,write,10000000,0,1,414396,0,0,0,297.281,0,0,0,0,0,0,0,1.73333e+06,2600,0.0015,0,NONE,NONE
22:55:43.312,ahse,WRITE_HEAVY,write,10000000,0,1,407068,0,0,0,301.312,0,0,0,0,0,0,0,1.73333e+06,2600,0.0015,0,NONE,NONE
22:55:43.812,ahse,WRITE_HEAVY,write,10000000,0,1,309888,0,0,0,301.312,0,0,0,0,0,0,0,1.73333e+06,2600,0.0015,0,NONE,NONE
22:55:44.317,ahse,WRITE_HEAVY,write,10000000,0,1,335290,0,0,0,301.312,0,0,0,0,0,0,0,1.73333e+06,2600,0.0015,0,NONE,NONE
22:55:44.818,ahse,WRITE_HEAVY,write,10000000,0,1,407388,0,0,0,301.359,0,0,0,0,0,0,0,1.73333e+06,2600,0.0015,0,NONE,NONE
22:55:45.322,ahse,WRITE_HEAVY,write,10000000,0,1,404218,0,0,0,305.391,0,0,0,0,0,0,0,1.73333e+06,2600,0.0015,0,NONE,NONE
22:55:45.825,ahse,WRITE_HEAVY,write,10000000,0,1,416354,0,0,0,305.438,0,0,0,0,0,0,0,1.73333e+06,2600,0.0015,0,NONE,NONE
22:55:46.327,ahse,WRITE_HEAVY,write,10000000,0,1,409488,0,0,0,309.484,0,0,0,0,0,0,0,1.73333e+06,2600,0.0015,0,NONE,NONE
22:55:46.828,ahse,WRITE_HEAVY,write,10000000,0,1,405662,0,0,0,313.516,0,0,0,0,0,0,0,1.73333e+06,2600,0.0015,0,NONE,NONE
22:55:47.333,ahse,WRITE_HEAVY,write,10000000,0,1,420784,0,0,0,313.531,0,0,0,0,0,0,0,1.73333e+06,2600,0.0015,0,NONE,NONE
22:55:47.838,ahse,WRITE_HEAVY,write,10000000,0,1,407150,0,0,0,317.562,0,0,0,0,0,0,0,1.73333e+06,2600,0.0015,0,NONE,NONE
22:55:48.343,ahse,WRITE_HEAVY,write,10000000,0,1,399920,0,0,0,317.578,0,0,0,0,0,0,0,1.73333e+06,2600,0.0015,0,NONE,NONE
22:55:48.843,ahse,WRITE_HEAVY,write,10000000,0,1,415412,0,0,0,318.609,0,0,0,0,0,0,0,1.73333e+06,2600,0.0015,0,NONE,NONE
22:55:49.348,ahse,WRITE_HEAVY,write,10000000,0,1,379728,0,0,0,329.875,0,0,0,0,0,0,0,1.73333e+06,2600,0.0015,0,NONE,NONE
22:55:49.852,ahse,WRITE_HEAVY,scan,10000000,0.954246,0.0457537,12764,2436,0.0792984,0.180292,380.172,0,0,0,0,0,0,109620,32995.6,2600,0.0787984,0,NONE,NONE
22:55:50.357,ahse,WRITE_HEAVY,scan,10000000,0.953139,0.0468614,13828,4584.8,0.075774,0.155667,380.172,0,0,0,0,0,0,206316,33069.5,2600,0.0786222,0,NONE,NONE
22:55:50.860,ahse,WRITE_HEAVY,scan,10000000,0.949703,0.0502967,14156,6356.64,0.0745407,0.151458,380.172,1,0,0,0,0,0,286049,33166.2,2600,0.0783931,1,CALIBRATION_RUN,CALIBRATION_TRIGGER_FIRED
22:55:51.365,ahse,READ_HEAVY,scan,10000000,0.943479,0.056521,12314,7408.91,0.0862598,0.1815,433.422,2,1,0,0,0,1,333401,33011.1,2600,0.0787615,0,NONE,NONE
22:55:51.868,ahse,READ_HEAVY,scan,10000000,0.953406,0.0465938,12448,8300.73,0.0841961,0.168667,434.188,3,1,0,0,0,1,373533,32908,2600,0.0790082,0,NONE,NONE
22:55:52.373,ahse,READ_HEAVY,scan,10000000,0.950192,0.0498084,12528,9021.38,0.0837618,0.163833,435,4,1,0,0,0,1,405962,32819.6,2600,0.0792209,0,NONE,NONE
22:55:52.879,ahse,READ_HEAVY,scan,10000000,0.951299,0.0487008,12238,9545.51,0.0861546,0.179041,435.781,5,1,0,0,0,1,429548,32686.9,2600,0.0795426,0,NONE,NONE
22:55:53.383,ahse,READ_HEAVY,scan,10000000,0.950515,0.0494845,12610,10033.6,0.0835591,0.163625,436.547,6,1,0,0,0,1,451512,32614.8,2600,0.0797184,0,NONE,NONE
22:55:53.888,ahse,READ_HEAVY,scan,10000000,0.953742,0.0462576,12452,10402.1,0.0844843,0.171292,437.344,7,1,0,0,0,1,468094,32527.8,2600,0.0799317,0,NONE,NONE
22:55:54.393,ahse,READ_HEAVY,scan,10000000,0.950518,0.0494824,11398,10488.5,0.0922637,0.268959,438.094,8,1,0,0,0,1,471981,32288.8,2600,0.0805233,0,NONE,NONE
22:55:54.898,ahse,READ_HEAVY,scan,10000000,0.951007,0.048993,10328,10355.2,0.102177,0.311375,438.875,9,1,0,0,0,1,465983,31870.2,2600,0.081581,0,NONE,NONE
22:55:55.402,ahse,READ_HEAVY,scan,10000000,0.945712,0.0542884,10610,10290.9,0.0996014,0.310875,439.531,10,1,0,0,0,1,463092,31531.6,2600,0.082457,0,NONE,NONE
22:55:55.905,ahse,READ_HEAVY,scan,10000000,0.948158,0.0518425,11072,10332.4,0.0952298,0.291583,440.25,11,1,0,0,0,1,464956,31298.7,2600,0.0830706,0,NONE,NONE
22:55:56.410,ahse,READ_HEAVY,scan,10000000,0.950958,0.049042,8768,9933.48,0.101567,0.654583,440.297,12,1,0,0,0,1,447007,30963.3,2600,0.0839704,0,NONE,NONE
22:55:56.912,ahse,READ_HEAVY,scan,10000000,0.948499,0.0515012,8660,9589.58,0.10195,0.620458,440.328,13,1,0,0,0,1,431531,30644.3,2600,0.0848444,0,NONE,NONE
22:55:57.417,ahse,READ_HEAVY,scan,10000000,0.953725,0.0462754,10632,9699.67,0.0990641,0.631125,440.344,14,1,0,0,0,1,436485,30398.5,2600,0.0855304,0,NONE,NONE
22:55:57.920,ahse,READ_HEAVY,scan,10000000,0.949095,0.0509054,9940,9646.53,0.10574,0.633959,440.344,15,1,0,0,0,1,434094,30052.3,2600,0.0865159,0,NONE,NONE
22:55:58.425,ahse,READ_HEAVY,scan,10000000,0.948334,0.051666,10684,9743.63,0.0991462,0.610083,440.359,16,1,0,0,0,1,438463,29843.1,2600,0.0871224,0,NONE,NONE
22:55:58.926,ahse,READ_HEAVY,scan,10000000,0.945176,0.0548236,9412,9574.1,0.0941202,0.360334,440.734,17,1,0,0,0,1,430835,29732.2,2600,0.0874473,0,NONE,NONE
22:55:59.427,ahse,READ_HEAVY,scan,10000000,0.954789,0.0452107,10440,9652.88,0.0996254,0.277625,441.422,18,1,0,0,0,1,434380,29535,2600,0.0880312,0,NONE,NONE
22:55:59.932,ahse,READ_HEAVY,scan,10000000,0.950511,0.0494887,10952,9804.31,0.0961117,0.220375,442.031,19,1,0,0,0,1,441194,29408.4,2600,0.0884102,0,NONE,NONE
22:56:00.437,ahse,READ_HEAVY,scan,10000000,0.948836,0.0511635,12978,10306.2,0.0762648,0.187833,671.484,20,1,0,0,1,0,463781,314136,9349.12,0.0297614,0,NONE,NONE
22:56:00.942,ahse,READ_HEAVY,scan,10000000,0.951437,0.0485628,15238,11144.6,0.0580287,0.118042,1109.77,21,1,0,0,1,0,501507,313383,9349.12,0.0298329,0,NONE,NONE
22:56:01.447,ahse,READ_HEAVY,scan,10000000,0.948721,0.0512789,16108,11972.1,0.0571851,0.116042,1497,22,1,0,0,1,0,538743,312230,9349.12,0.029943,0,NONE,NONE
22:56:01.950,ahse,READ_HEAVY,scan,10000000,0.95084,0.0491599,16070,12633.7,0.0566732,0.115541,1838.59,23,1,0,0,1,0,568515,310879,9349.12,0.0300732,0,NONE,NONE
22:56:02.452,ahse,READ_HEAVY,scan,10000000,0.951827,0.0481734,16150,13181.3,0.0567864,0.113541,2136.22,24,1,0,0,1,0,593160,309663,9349.12,0.0301912,0,NONE,NONE
22:56:02.956,ahse,READ_HEAVY,scan,10000000,0.950038,0.0499621,15852,13557.1,0.0561206,0.114167,2389.22,25,1,0,0,1,0,610068,308179,9349.12,0.0303366,0,NONE,NONE
22:56:03.460,ahse,READ_HEAVY,scan,10000000,0.95203,0.0479696,16302,13949.7,0.0557255,0.111583,2624.05,26,1,0,0,1,0,627734,306583,9349.12,0.0304945,0,NONE,NONE
22:56:03.964,ahse,READ_HEAVY,scan,10000000,0.949066,0.0509336,15746,14148.5,0.0558561,0.113167,2818.84,27,1,0,0,1,0,636683,305148,9349.12,0.030638,0,NONE,NONE
22:56:04.472,ahse,READ_HEAVY,scan,10000000,0.945211,0.0547895,16244,14389.6,0.0562363,0.114417,2998.52,28,1,0,0,1,0,647533,303984,9349.12,0.0307553,0,NONE,NONE
22:56:04.976,ahse,READ_HEAVY,scan,10000000,0.95089,0.04911,15394,14439.3,0.0570086,0.113417,3163.53,29,1,0,0,1,0,649768,303266,9349.12,0.0308281,0,NONE,NONE
22:56:05.482,ahse,READ_HEAVY,scan,10000000,0.944053,0.0559465,5684,12624.6,0.0556737,0.113041,3219.52,30,1,0,0,1,0,568109,301935,9349.12,0.030964,0,NONE,NONE
