Timestamp,Engine,State,OpType,DatasetSize,ReadRatio,WriteRatio,OpsPerSec,ScanRateEMA,AvgLatency_ms,P99Latency_ms,RamMB,GateApprovals,PhysicalMigrations,ReactiveFire,PredictiveFire,DropIndexFire,IsLmdbReady,IsMigrating,Expected_Q,Breakeven_Q_Star,BuildCost_ms,Benefit_ms,MigrationTriggered,TriggerDecision,Event
15:46:19.204,ahse,WRITE_HEAVY,write,10000000,0,1,313758,0,0,0,121.766,0,0,0,0,0,0,0,0,1.73333e+06,2600,0.0015,0,NONE,NONE
15:46:19.712,ahse,WRITE_HEAVY,write,10000000,0,1,405866,0,0,0,164.438,0,0,0,0,0,0,0,0,1.73333e+06,2600,0.0015,0,NONE,NONE
15:46:20.215,ahse,WRITE_HEAVY,write,10000000,0,1,412538,0,0,0,164.75,0,0,0,0,0,0,0,0,1.73333e+06,2600,0.0015,0,NONE,NONE
15:46:20.725,ahse,WRITE_HEAVY,write,10000000,0,1,446514,0,0,0,164.938,0,0,0,0,0,0,0,0,1.73333e+06,2600,0.0015,0,NONE,NONE
15:46:21.228,ahse,WRITE_HEAVY,write,10000000,0,1,375982,0,0,0,172.109,0,0,0,0,0,0,0,0,1.73333e+06,2600,0.0015,0,NONE,NONE
15:46:21.730,ahse,WRITE_HEAVY,write,10000000,0,1,408954,0,0,0,173.297,0,0,0,0,0,0,0,0,1.73333e+06,2600,0.0015,0,NONE,NONE
15:46:22.240,ahse,WRITE_HEAVY,write,10000000,0,1,365684,0,0,0,179.766,0,0,0,0,0,0,0,0,1.73333e+06,2600,0.0015,0,NONE,NONE
15:46:22.740,ahse,WRITE_HEAVY,write,10000000,0,1,431188,0,0,0,202.047,0,0,0,0,0,0,0,0,1.73333e+06,2600,0.0015,0,NONE,NONE
15:46:23.250,ahse,WRITE_HEAVY,write,10000000,0,1,445358,0,0,0,233.375,0,0,0,0,0,0,0,0,1.73333e+06,2600,0.0015,0,NONE,NONE
15:46:23.760,ahse,WRITE_HEAVY,write,10000000,0,1,435194,0,0,0,248.531,0,0,0,0,0,0,0,0,1.73333e+06,2600,0.0015,0,NONE,NONE
15:46:24.269,ahse,WRITE_HEAVY,write,10000000,0,1,425096,0,0,0,249.391,0,0,0,0,0,0,0,0,1.73333e+06,2600,0.0015,0,NONE,NONE
15:46:24.781,ahse,WRITE_HEAVY,write,10000000,0,1,421756,0,0,0,254.781,0,0,0,0,0,0,0,0,1.73333e+06,2600,0.0015,0,NONE,NONE
15:46:25.291,ahse,WRITE_HEAVY,write,10000000,0,1,425894,0,0,0,263.031,0,0,0,0,0,0,0,0,1.73333e+06,2600,0.0015,0,NONE,NONE
15:46:25.800,ahse,WRITE_HEAVY,write,10000000,0,1,426118,0,0,0,263.062,0,0,0,0,0,0,0,0,1.73333e+06,2600,0.0015,0,NONE,NONE
15:46:26.310,ahse,WRITE_HEAVY,write,10000000,0,1,380048,0,0,0,263.094,0,0,0,0,0,0,0,0,1.73333e+06,2600,0.0015,0,NONE,NONE
15:46:26.822,ahse,WRITE_HEAVY,write,10000000,0,1,435642,0,0,0,263.109,0,0,0,0,0,0,0,0,1.73333e+06,2600,0.0015,0,NONE,NONE
15:46:27.332,ahse,WRITE_HEAVY,write,10000000,0,1,432170,0,0,0,264.812,0,0,0,0,0,0,0,0,1.73333e+06,2600,0.0015,0,NONE,NONE
15:46:27.842,ahse,WRITE_HEAVY,write,10000000,0,1,420968,0,0,0,271.062,0,0,0,0,0,0,0,0,1.73333e+06,2600,0.0015,0,NONE,NONE
15:46:28.352,ahse,WRITE_HEAVY,write,10000000,0,1,391246,0,0,0,275.906,0,0,0,0,0,0,0,0,1.73333e+06,2600,0.0015,0,NONE,NONE
15:46:28.862,ahse,WRITE_HEAVY,write,10000000,0,1,443492,0,0,0,275.906,0,0,0,0,0,0,0,0,1.73333e+06,2600,0.0015,0,NONE,NONE
15:46:29.372,ahse,WRITE_HEAVY,write,10000000,0,1,441306,0,0,0,275.906,0,0,0,0,0,0,0,0,1.73333e+06,2600,0.0015,0,NONE,NONE
15:46:29.882,ahse,WRITE_HEAVY,write,10000000,0,1,416652,0,0,0,280.438,0,0,0,0,0,0,0,0,1.73333e+06,2600,0.0015,0,NONE,NONE
15:46:30.392,ahse,WRITE_HEAVY,write,10000000,0,1,362442,0,0,0,281.672,0,0,0,0,0,0,0,0,1.73333e+06,2600,0.0015,0,NONE,NONE
15:46:30.902,ahse,WRITE_HEAVY,write,10000000,0,1,400598,0,0,0,290.531,0,0,0,0,0,0,0,0,1.73333e+06,2600,0.0015,0,NONE,NONE
15:46:31.410,ahse,WRITE_HEAVY,write,10000000,0,1,442666,0,0,0,290.578,0,0,0,0,0,0,0,0,1.73333e+06,2600,0.0015,0,NONE,NONE
15:46:31.920,ahse,WRITE_HEAVY,write,10000000,0,1,441666,0,0,0,290.578,0,0,0,0,0,0,0,0,1.73333e+06,2600,0.0015,0,NONE,NONE
15:46:32.430,ahse,WRITE_HEAVY,write,10000000,0,1,423890,0,0,0,294.594,0,0,0,0,0,0,0,0,1.73333e+06,2600,0.0015,0,NONE,NONE
15:46:32.940,ahse,WRITE_HEAVY,write,10000000,0,1,408808,0,0,0,296.094,0,0,0,0,0,0,0,0,1.73333e+06,2600,0.0015,0,NONE,NONE
15:46:33.449,ahse,WRITE_HEAVY,write,10000000,0,1,414598,0,0,0,300.859,0,0,0,0,0,0,0,0,1.73333e+06,2600,0.0015,0,NONE,NONE
15:46:33.959,ahse,WRITE_HEAVY,write,10000000,0,1,397410,0,0,0,300.875,0,0,0,0,0,0,0,0,1.73333e+06,2600,0.0015,0,NONE,NONE
15:46:34.469,ahse,WRITE_HEAVY,write,10000000,0,1,385538,0,0,0,300.875,0,0,0,0,0,0,0,0,1.73333e+06,2600,0.0015,0,NONE,NONE
15:46:34.979,ahse,WRITE_HEAVY,write,10000000,0,1,444630,0,0,0,300.875,0,0,0,0,0,0,0,0,1.73333e+06,2600,0.0015,0,NONE,NONE
15:46:35.489,ahse,WRITE_HEAVY,write,10000000,0,1,425192,0,0,0,300.922,0,0,0,0,0,0,0,0,1.73333e+06,2600,0.0015,0,NONE,NONE
15:46:36.000,ahse,WRITE_HEAVY,write,10000000,0,1,419552,0,0,0,301.203,0,0,0,0,0,0,0,0,1.73333e+06,2600,0.0015,0,NONE,NONE
15:46:36.510,ahse,WRITE_HEAVY,write,10000000,0,1,400478,0,0,0,301.297,0,0,0,0,0,0,0,0,1.73333e+06,2600,0.0015,0,NONE,NONE
15:46:37.020,ahse,WRITE_HEAVY,write,10000000,0,1,375714,0,0,0,301.297,0,0,0,0,0,0,0,0,1.73333e+06,2600,0.0015,0,NONE,NONE
15:46:37.530,ahse,WRITE_HEAVY,write,10000000,0,1,384628,0,0,0,301.297,0,0,0,0,0,0,0,0,1.73333e+06,2600,0.0015,0,NONE,NONE
15:46:38.040,ahse,WRITE_HEAVY,write,10000000,0,1,316688,0,0,0,301.312,0,0,0,0,0,0,0,0,1.73333e+06,2600,0.0015,0,NONE,NONE
15:46:38.550,ahse,WRITE_HEAVY,write,10000000,0,1,326306,0,0,0,301.594,0,0,0,0,0,0,0,0,1.73333e+06,2600,0.0015,0,NONE,NONE
15:46:39.057,ahse,WRITE_HEAVY,write,10000000,0,1,405624,0,0,0,298.672,0,0,0,0,0,0,0,0,1.73333e+06,2600,0.0015,0,NONE,NONE
15:46:39.567,ahse,WRITE_HEAVY,write,10000000,0,1,410556,0,0,0,301.281,0,0,0,0,0,0,0,0,1.73333e+06,2600,0.0015,0,NONE,NONE
15:46:40.077,ahse,WRITE_HEAVY,write,10000000,0,1,392948,0,0,0,306.094,0,0,0,0,0,0,0,0,1.73333e+06,2600,0.0015,0,NONE,NONE
15:46:40.587,ahse,WRITE_HEAVY,write,10000000,0,1,442640,0,0,0,306.094,0,0,0,0,0,0,0,0,1.73333e+06,2600,0.0015,0,NONE,NONE
15:46:41.097,ahse,WRITE_HEAVY,write,10000000,0,1,427336,0,0,0,306.094,0,0,0,0,0,0,0,0,1.73333e+06,2600,0.0015,0,NONE,NONE
15:46:41.608,ahse,WRITE_HEAVY,write,10000000,0,1,414406,0,0,0,310.141,0,0,0,0,0,0,0,0,1.73333e+06,2600,0.0015,0,NONE,NONE
15:46:42.118,ahse,WRITE_HEAVY,write,10000000,0,1,360238,0,0,0,318.234,0,0,0,0,0,0,0,0,1.73333e+06,2600,0.0015,0,NONE,NONE
15:46:42.625,ahse,WRITE_HEAVY,write,10000000,0,1,395800,0,0,0,318.25,0,0,0,0,0,0,0,0,1.73333e+06,2600,0.0015,0,NONE,NONE
15:46:43.135,ahse,WRITE_HEAVY,write,10000000,0,1,400188,0,0,0,318.312,0,0,0,0,0,0,0,0,1.73333e+06,2600,0.0015,0,NONE,NONE
15:46:43.645,ahse,WRITE_HEAVY,write,10000000,0,1,433824,0,0,0,318.312,0,0,0,0,0,0,0,0,1.73333e+06,2600,0.0015,0,NONE,NONE
15:46:44.155,ahse,WRITE_HEAVY,write,10000000,0,1,404304,0,0,0,318.766,0,0,0,0,0,0,0,0,1.73333e+06,2600,0.0015,0,NONE,NONE
15:46:44.665,ahse,WRITE_HEAVY,write,10000000,0,1,400928,0,0,0,331.844,0,0,0,0,0,0,0,0,1.73333e+06,2600,0.0015,0,NONE,NONE
15:46:45.168,ahse,WRITE_HEAVY,write,10000000,0.0147105,0.98529,242548,713.6,0.0958095,0.109166,365.734,0,0,0,0,0,0,0,32112,27279.6,2600,0.0953095,0,NONE,NONE
15:46:45.678,ahse,WRITE_HEAVY,scan,10000000,1,0,10618,2694.48,0.0958946,0.104916,365.734,0,0,0,0,0,0,0,121252,27278.3,2600,0.0953137,0,NONE,NONE
15:46:46.188,ahse,WRITE_HEAVY,scan,10000000,1,0,10454,4246.38,0.0973992,0.112458,365.766,0,0,0,0,0,0,0,191087,27255.7,2600,0.095393,0,NONE,NONE
15:46:46.698,ahse,WRITE_HEAVY,scan,10000000,1,0,13138,6024.71,0.0774764,0.09075,365.781,1,0,0,0,0,0,0,271112,27521.3,2600,0.0944722,1,CALIBRATION_RUN,CALIBRATION_TRIGGER_FIRED
15:46:47.208,ahse,READ_HEAVY,scan,10000000,1,0,11990,7217.77,0.084894,0.095084,378.719,2,0,1,0,0,0,1,324799,27668.9,2600,0.0939683,0,NONE,NONE
15:46:47.719,ahse,READ_HEAVY,scan,10000000,1,0,11994,8173.01,0.0848817,0.09375,380.641,3,0,1,0,0,0,1,367786,27810.8,2600,0.0934889,0,NONE,NONE
15:46:48.229,ahse,READ_HEAVY,scan,10000000,1,0,11968,8932.01,0.0850677,0.094375,382.516,4,0,1,0,0,0,1,401940,27944.1,2600,0.0930429,0,NONE,NONE
15:46:48.739,ahse,READ_HEAVY,scan,10000000,1,0,12008,9547.21,0.0847669,0.094458,384.484,5,0,1,0,0,0,1,429624,28076.5,2600,0.0926041,0,NONE,NONE
15:46:49.249,ahse,READ_HEAVY,scan,10000000,1,0,13548,10347.4,0.0751408,0.092291,466.5,6,1,1,0,0,1,0,465631,48103.5,2493.9,0.0518445,0,NONE,NONE
15:46:49.759,ahse,READ_HEAVY,scan,10000000,1,0,25102,13298.3,0.0405144,0.051083,1070.73,7,1,1,0,0,1,0,598423,48090.2,2493.9,0.0518588,0,NONE,NONE
15:46:50.269,ahse,READ_HEAVY,scan,10000000,1,0,23850,15408.6,0.0426391,0.055208,1482.67,8,1,1,0,0,1,0,693389,48176.3,2493.9,0.0517661,0,NONE,NONE
15:46:50.779,ahse,READ_HEAVY,scan,10000000,1,0,25436,17414.1,0.0399757,0.051625,1797.02,9,1,1,0,0,1,0,783635,48134.4,2493.9,0.0518112,0,NONE,NONE
15:46:51.284,ahse,READ_HEAVY,scan,10000000,1,0,25578,19046.9,0.0393818,0.04775,2016.39,10,1,1,0,0,1,0,857110,48067,2493.9,0.0518838,0,NONE,NONE
15:46:51.794,ahse,READ_HEAVY,write,10000000,0.0099044,0.990096,75522,15387.1,0.039219,0.0475,2146.39,11,1,1,0,0,1,0,692420,47995.7,2493.9,0.0519609,0,NONE,NONE
15:46:52.299,ahse,READ_HEAVY,write,10000000,0,1,75518,12309.7,0,0,2240.5,12,1,1,0,0,1,0,553936,47995.7,2493.9,0.0519609,0,NONE,NONE
15:46:52.809,ahse,READ_HEAVY,write,10000000,0,1,78204,9847.75,0,0,2316.22,12,1,1,0,0,1,0,443149,47995.7,2493.9,0.0519609,0,NONE,NONE
15:46:53.318,ahse,READ_HEAVY,write,10000000,0,1,73362,7878.2,0,0,2370.59,12,1,1,0,0,1,0,354519,47995.7,2493.9,0.0519609,0,NONE,NONE
15:46:53.828,ahse,READ_HEAVY,write,10000000,0,1,73706,6302.56,0,0,2413.27,12,1,0,0,1,1,0,283615,47995.7,2493.9,0.0519609,0,NONE,INDEX_DROPPED
15:46:54.339,ahse,WRITE_HEAVY,write,10000000,0,1,379570,5042.05,0,0,2414.94,12,1,0,0,0,0,0,35950.5,47995.7,2493.9,0.0519609,0,NONE,NONE
15:46:54.849,ahse,WRITE_HEAVY,write,10000000,0.0176518,0.982348,249266,4913.64,0.0910341,0.104166,2415.88,12,1,0,0,0,0,0,35034.9,48070.2,2493.9,0.0518804,0,NONE,NONE
15:46:55.359,ahse,WRITE_HEAVY,scan,10000000,1,0,11268,6184.51,0.0903465,0.099625,2415.88,12,1,0,0,0,0,0,44096.4,48173.2,2493.9,0.0517695,0,NONE,NONE
15:46:55.869,ahse,WRITE_HEAVY,scan,10000000,1,0,11230,7193.61,0.0906563,0.099833,2422.02,12,1,0,0,0,0,0,51291.5,48256.9,2493.9,0.0516797,0,NONE,NONE
15:46:56.379,ahse,WRITE_HEAVY,scan,10000000,1,0,11246,8004.09,0.0905302,0.100083,2422.02,12,1,0,0,0,0,0,57070.3,48342.6,2493.9,0.051588,0,BLOCKED_ROI,BLOCKED_NEGATIVE_ROI
15:46:56.888,ahse,READ_HEAVY,scan,10000000,1,0,11222,8647.67,0.0905958,0.100625,2422.06,13,1,0,0,0,0,0,61659.1,48421.3,2493.9,0.0515042,0,NONE,NONE
15:46:57.398,ahse,READ_HEAVY,scan,10000000,1,0,13908,9699.74,0.0731841,0.096166,2422.06,14,1,0,0,0,0,0,69160.5,49331.4,2493.9,0.050554,0,NONE,NONE
15:46:57.908,ahse,READ_HEAVY,scan,10000000,1,0,14558,10671.4,0.0699156,0.083167,2422.06,15,1,0,0,0,0,0,76088.5,50394.1,2493.9,0.0494879,0,NONE,NONE
15:46:58.418,ahse,READ_HEAVY,scan,10000000,1,0,14110,11359.1,0.0721353,0.085458,2422.06,16,1,0,0,0,0,0,80992.1,51329.5,2493.9,0.0485861,0,NONE,NONE
15:46:58.929,ahse,READ_HEAVY,scan,10000000,1,0,14712,12029.7,0.0691735,0.079917,2422.06,17,1,0,0,0,0,0,85773.4,52413.4,2493.9,0.0475813,0,NONE,NONE
15:46:59.439,ahse,READ_HEAVY,scan,10000000,1,0,14664,12556.6,0.0693987,0.086459,2422.06,18,1,0,0,0,0,0,89530,53473.5,2493.9,0.046638,0,NONE,NONE
15:46:59.949,ahse,READ_HEAVY,scan,10000000,1,0,14812,13007.6,0.0687148,0.078333,2422.06,19,1,0,0,0,0,0,92746.3,54561.9,2493.9,0.0457077,0,NONE,NONE
15:47:00.459,ahse,READ_HEAVY,scan,10000000,1,0,14828,13371.7,0.0686308,0.081458,2422.06,20,1,0,0,0,0,0,95342.2,55643,2493.9,0.0448197,0,NONE,NONE
15:47:00.969,ahse,READ_HEAVY,scan,10000000,1,0,14838,13665,0.0685896,0.078458,2422.06,21,1,0,0,0,0,0,97433.2,56713.1,2493.9,0.043974,0,NONE,NONE
15:47:01.479,ahse,READ_HEAVY,scan,10000000,1,0,14834,13898.8,0.0686083,0.078708,2422.06,22,1,0,0,0,0,0,99100.3,57767.3,2493.9,0.0431715,0,NONE,NONE
15:47:01.986,ahse,READ_HEAVY,scan,10000000,1,0,14434,14005.8,0.0701656,0.085458,2422.06,23,1,0,0,0,0,0,99863.5,58697.9,2493.9,0.042487,0,NONE,NONE
15:47:02.497,ahse,READ_HEAVY,write,10000000,0.018644,0.981356,264750,12191.9,0.0714203,0.085542,2423.05,24,1,0,0,0,0,0,86929.7,59521,2493.9,0.0418995,0,NONE,NONE
15:47:03.007,ahse,READ_HEAVY,write,10000000,0,1,422690,9753.49,0,0,2424.66,24,1,0,0,0,0,0,69543.7,59521,2493.9,0.0418995,0,NONE,NONE
15:47:03.517,ahse,READ_HEAVY,write,10000000,0.0112917,0.988708,321122,8527.99,0.0763408,0.086833,2425.88,24,1,0,0,0,0,0,60805.8,59967.7,2493.9,0.0415874,0,NONE,NONE
15:47:04.027,ahse,READ_HEAVY,scan,10000000,1,0,13406,9503.59,0.0759307,0.08675,2425.88,24,1,0,0,0,0,0,67762,60428.3,2493.9,0.0412704,0,NONE,NONE
15:47:04.537,ahse,READ_HEAVY,scan,10000000,1,0,13452,10293.3,0.0756767,0.087375,2425.88,24,1,0,0,0,0,0,73392.5,60891.4,2493.9,0.0409565,0,NONE,NONE
15:47:05.047,ahse,READ_HEAVY,scan,10000000,1,0,13434,10921.4,0.0757726,0.086209,2425.88,25,1,0,0,0,0,0,77871.3,61330.7,2493.9,0.0406632,0,NONE,NONE
15:47:05.557,ahse,READ_HEAVY,scan,10000000,1,0,13418,11420.7,0.0758644,0.087042,2425.88,26,1,0,0,0,0,0,81431.5,61746.9,2493.9,0.0403891,0,NONE,NONE
15:47:06.067,ahse,READ_HEAVY,scan,10000000,1,0,12990,11734.6,0.0783546,0.092583,2425.88,27,1,0,0,0,0,0,83669.3,61955.4,2493.9,0.0402532,0,NONE,NONE
15:47:06.577,ahse,READ_HEAVY,scan,10000000,1,0,12984,11984.5,0.0783919,0.093833,2425.88,28,1,0,0,0,0,0,85451,62151.9,2493.9,0.0401259,0,NONE,NONE
15:47:07.087,ahse,READ_HEAVY,scan,10000000,1,0,13356,12258.8,0.0762258,0.087375,2425.88,29,1,0,0,0,0,0,87406.8,62508.9,2493.9,0.0398967,0,NONE,NONE
15:47:07.591,ahse,READ_HEAVY,scan,10000000,1,0,13300,12467,0.0755847,0.086042,2425.88,30,1,0,0,0,0,0,88891.6,62902.7,2493.9,0.039647,0,NONE,NONE
15:47:08.102,ahse,READ_HEAVY,scan,10000000,1,0,13420,12657.6,0.0758486,0.086375,2413.89,31,1,0,0,0,0,0,90250.6,63260.2,2493.9,0.0394229,0,NONE,NONE
15:47:08.612,ahse,READ_HEAVY,scan,10000000,1,0,13498,12825.7,0.0754179,0.086083,2413.89,32,1,0,0,0,0,0,91449,63638.7,2493.9,0.0391884,0,NONE,NONE
15:47:09.122,ahse,READ_HEAVY,scan,10000000,1,0,13454,12951.4,0.0756704,0.086708,2413.89,33,1,0,0,0,0,0,92345,63981.7,2493.9,0.0389784,0,NONE,NONE
15:47:09.632,ahse,READ_HEAVY,scan,10000000,1,0,13462,13053.5,0.0756104,0.086,2413.89,34,1,0,0,0,0,0,93073.2,64315.9,2493.9,0.0387758,0,NONE,NONE
15:47:10.142,ahse,READ_HEAVY,scan,10000000,1,0,12922,13027.2,0.078781,0.09375,2413.89,35,1,0,0,0,0,0,92885.7,64372.2,2493.9,0.0387419,0,NONE,NONE
15:47:10.652,ahse,READ_HEAVY,scan,10000000,1,0,13028,13027.3,0.0781261,0.093,2413.91,36,1,0,0,0,0,0,92886.9,64480.3,2493.9,0.0386769,0,NONE,NONE
15:47:11.163,ahse,READ_HEAVY,scan,10000000,1,0,10250,12471.9,0.0760179,0.087292,2413.89,37,1,0,0,0,0,0,88926.3,64760.2,2493.9,0.0385098,0,NONE,NONE
